source,party_name,week_start_sunday,week_index_since_2020,total_spend_week,avg_spend_per_day_week,currency,class
google,Lobby 99,12/11/2023,202,250,35.71428571,ILS,גוף/פרטי
google,Lobby 99,19/11/2023,203,1250,178.5714286,ILS,גוף/פרטי
google,Lobby 99,26/11/2023,204,2000,285.7142857,ILS,גוף/פרטי
google,Lobby 99,03/12/2023,205,1750,250,ILS,גוף/פרטי
google,Lobby 99,10/12/2023,206,2500,357.1428571,ILS,גוף/פרטי
google,Lobby 99,17/12/2023,207,1000,142.8571429,ILS,גוף/פרטי
google,Lobby 99,24/12/2023,208,750,107.1428571,ILS,גוף/פרטי
google,Lobby 99,31/12/2023,209,4750,678.5714286,ILS,גוף/פרטי
google,Lobby 99,07/01/2024,210,7000,1000,ILS,גוף/פרטי
google,Lobby 99,14/01/2024,211,4250,607.1428571,ILS,גוף/פרטי
google,Lobby 99,21/01/2024,212,8750,1250,ILS,גוף/פרטי
google,Lobby 99,28/01/2024,213,6000,857.1428571,ILS,גוף/פרטי
google,Lobby 99,04/02/2024,214,3000,428.5714286,ILS,גוף/פרטי
google,Lobby 99,11/02/2024,215,3500,500,ILS,גוף/פרטי
google,Lobby 99,18/02/2024,216,1000,142.8571429,ILS,גוף/פרטי
google,Lobby 99,25/02/2024,217,4000,571.4285714,ILS,גוף/פרטי
google,Lobby 99,03/03/2024,218,2250,321.4285714,ILS,גוף/פרטי
google,Lobby 99,10/03/2024,219,3250,464.2857143,ILS,גוף/פרטי
google,Lobby 99,17/03/2024,220,1250,178.5714286,ILS,גוף/פרטי
google,Lobby 99,24/03/2024,221,2500,357.1428571,ILS,גוף/פרטי
google,Lobby 99,31/03/2024,222,5500,785.7142857,ILS,גוף/פרטי
google,Lobby 99,07/04/2024,223,2000,285.7142857,ILS,גוף/פרטי
google,Lobby 99,14/04/2024,224,500,71.42857143,ILS,גוף/פרטי
google,Lobby 99,21/04/2024,225,500,71.42857143,ILS,גוף/פרטי
google,Lobby 99,28/04/2024,226,250,35.71428571,ILS,גוף/פרטי
google,Lobby 99,05/05/2024,227,500,71.42857143,ILS,גוף/פרטי
google,Lobby 99,12/05/2024,228,250,35.71428571,ILS,גוף/פרטי
google,Lobby 99,19/05/2024,229,1250,178.5714286,ILS,גוף/פרטי
google,Lobby 99,26/05/2024,230,1250,178.5714286,ILS,גוף/פרטי
google,Lobby 99,02/06/2024,231,1250,178.5714286,ILS,גוף/פרטי
google,Lobby 99,09/06/2024,232,1500,214.2857143,ILS,גוף/פרטי
google,Lobby 99,16/06/2024,233,1250,178.5714286,ILS,גוף/פרטי
google,Lobby 99,23/06/2024,234,1500,214.2857143,ILS,גוף/פרטי
google,Lobby 99,30/06/2024,235,1500,214.2857143,ILS,גוף/פרטי
google,Lobby 99,07/07/2024,236,500,71.42857143,ILS,גוף/פרטי
google,Lobby 99,14/07/2024,237,500,71.42857143,ILS,גוף/פרטי
google,Lobby 99,21/07/2024,238,500,71.42857143,ILS,גוף/פרטי
google,Lobby 99,28/07/2024,239,500,71.42857143,ILS,גוף/פרטי
google,Lobby 99,04/08/2024,240,500,71.42857143,ILS,גוף/פרטי
google,Lobby 99,11/08/2024,241,250,35.71428571,ILS,גוף/פרטי
google,Lobby 99,01/09/2024,244,250,35.71428571,ILS,גוף/פרטי
google,Lobby 99,08/09/2024,245,750,107.1428571,ILS,גוף/פרטי
google,Lobby 99,15/09/2024,246,250,35.71428571,ILS,גוף/פרטי
google,Lobby 99,22/09/2024,247,250,35.71428571,ILS,גוף/פרטי
google,Lobby 99,29/09/2024,248,250,35.71428571,ILS,גוף/פרטי
google,Lobby 99,06/10/2024,249,500,71.42857143,ILS,גוף/פרטי
google,Lobby 99,13/10/2024,250,750,107.1428571,ILS,גוף/פרטי
google,Lobby 99,20/10/2024,251,2250,321.4285714,ILS,גוף/פרטי
google,Lobby 99,27/10/2024,252,3750,535.7142857,ILS,גוף/פרטי
google,Lobby 99,03/11/2024,253,3250,464.2857143,ILS,גוף/פרטי
google,Lobby 99,10/11/2024,254,1750,250,ILS,גוף/פרטי
google,Lobby 99,17/11/2024,255,1750,250,ILS,גוף/פרטי
google,Lobby 99,24/11/2024,256,1500,214.2857143,ILS,גוף/פרטי
google,Lobby 99,01/12/2024,257,2750,392.8571429,ILS,גוף/פרטי
google,Lobby 99,08/12/2024,258,2750,392.8571429,ILS,גוף/פרטי
google,Lobby 99,15/12/2024,259,1500,214.2857143,ILS,גוף/פרטי
google,Lobby 99,22/12/2024,260,2000,285.7142857,ILS,גוף/פרטי
google,Lobby 99,29/12/2024,261,3500,500,ILS,גוף/פרטי
google,Lobby 99,05/01/2025,262,4000,571.4285714,ILS,גוף/פרטי
google,Lobby 99,12/01/2025,263,3750,535.7142857,ILS,גוף/פרטי
google,Lobby 99,19/01/2025,264,1000,142.8571429,ILS,גוף/פרטי
google,Lobby 99,26/01/2025,265,250,35.71428571,ILS,גוף/פרטי
google,Lobby 99,02/02/2025,266,250,35.71428571,ILS,גוף/פרטי
google,Lobby 99,09/02/2025,267,250,35.71428571,ILS,גוף/פרטי
google,Lobby 99,16/02/2025,268,750,107.1428571,ILS,גוף/פרטי
google,Lobby 99,23/02/2025,269,1000,142.8571429,ILS,גוף/פרטי
google,Lobby 99,02/03/2025,270,750,107.1428571,ILS,גוף/פרטי
google,Lobby 99,09/03/2025,271,1500,214.2857143,ILS,גוף/פרטי
google,Lobby 99,16/03/2025,272,2250,321.4285714,ILS,גוף/פרטי
google,Lobby 99,23/03/2025,273,1750,250,ILS,גוף/פרטי
google,Lobby 99,30/03/2025,274,1750,250,ILS,גוף/פרטי
google,Lobby 99,06/04/2025,275,1250,178.5714286,ILS,גוף/פרטי
google,Lobby 99,13/04/2025,276,2750,392.8571429,ILS,גוף/פרטי
google,Lobby 99,20/04/2025,277,3000,428.5714286,ILS,גוף/פרטי
google,Lobby 99,27/04/2025,278,2750,392.8571429,ILS,גוף/פרטי
google,Lobby 99,04/05/2025,279,2500,357.1428571,ILS,גוף/פרטי
google,Lobby 99,11/05/2025,280,2750,392.8571429,ILS,גוף/פרטי
google,Lobby 99,18/05/2025,281,2500,357.1428571,ILS,גוף/פרטי
google,Lobby 99,25/05/2025,282,5000,714.2857143,ILS,גוף/פרטי
google,Lobby 99,01/06/2025,283,3000,428.5714286,ILS,גוף/פרטי
google,Lobby 99,08/06/2025,284,2250,321.4285714,ILS,גוף/פרטי
google,Lobby 99,15/06/2025,285,1000,142.8571429,ILS,גוף/פרטי
google,Lobby 99,22/06/2025,286,1250,178.5714286,ILS,גוף/פרטי
google,Lobby 99,29/06/2025,287,1250,178.5714286,ILS,גוף/פרטי
google,Lobby 99,06/07/2025,288,750,107.1428571,ILS,גוף/פרטי
google,Lobby 99,13/07/2025,289,1250,178.5714286,ILS,גוף/פרטי
google,Lobby 99,20/07/2025,290,250,35.71428571,ILS,גוף/פרטי
google,Lobby 99,27/07/2025,291,250,35.71428571,ILS,גוף/פרטי
google,Lobby 99,03/08/2025,292,6000,857.1428571,ILS,גוף/פרטי
google,Lobby 99,10/08/2025,293,4500,642.8571429,ILS,גוף/פרטי
google,Lobby 99,17/08/2025,294,4250,607.1428571,ILS,גוף/פרטי
google,Lobby 99,24/08/2025,295,3750,535.7142857,ILS,גוף/פרטי
google,Lobby 99,31/08/2025,296,3000,428.5714286,ILS,גוף/פרטי
google,Lobby 99,07/09/2025,297,1250,178.5714286,ILS,גוף/פרטי
google,Lobby 99,14/09/2025,298,500,71.42857143,ILS,גוף/פרטי
google,Lobby 99,21/09/2025,299,750,107.1428571,ILS,גוף/פרטי
google,Lobby 99,28/09/2025,300,1000,142.8571429,ILS,גוף/פרטי
google,Lobby 99,05/10/2025,301,1000,142.8571429,ILS,גוף/פרטי
google,Lobby 99,12/10/2025,302,1750,250,ILS,גוף/פרטי
google,Lobby 99,19/10/2025,303,3250,464.2857143,ILS,גוף/פרטי
google,Lobby 99,26/10/2025,304,3250,464.2857143,ILS,גוף/פרטי
google,Lobby 99,02/11/2025,305,4250,607.1428571,ILS,גוף/פרטי
google,Lobby 99,09/11/2025,306,3500,500,ILS,גוף/פרטי
google,Lobby 99,16/11/2025,307,2500,357.1428571,ILS,גוף/פרטי
google,Lobby 99,23/11/2025,308,1250,178.5714286,ILS,גוף/פרטי
google,Lobby 99,30/11/2025,309,1000,142.8571429,ILS,גוף/פרטי
google,Lobby 99,07/12/2025,310,1250,178.5714286,ILS,גוף/פרטי
google,Lobby 99,14/12/2025,311,500,71.42857143,ILS,גוף/פרטי
google,MCCANN DISCIPLINES LTD,18/09/2022,142,250,35.71428571,ILS,גוף/פרטי
google,MCCANN DISCIPLINES LTD,25/09/2022,143,250,35.71428571,ILS,גוף/פרטי
google,MCCANN DISCIPLINES LTD,02/10/2022,144,2000,285.7142857,ILS,גוף/פרטי
google,MCCANN DISCIPLINES LTD,09/10/2022,145,6750,964.2857143,ILS,גוף/פרטי
google,MCCANN DISCIPLINES LTD,16/10/2022,146,5500,785.7142857,ILS,גוף/פרטי
google,MCCANN DISCIPLINES LTD,23/10/2022,147,8750,1250,ILS,גוף/פרטי
google,MCCANN DISCIPLINES LTD,30/10/2022,148,2000,285.7142857,ILS,גוף/פרטי
google,MCCANN DISCIPLINES LTD,31/12/2023,209,250,35.71428571,ILS,גוף/פרטי
google,MCCANN DISCIPLINES LTD,07/01/2024,210,250,35.71428571,ILS,גוף/פרטי
google,MCCANN DISCIPLINES LTD,14/01/2024,211,250,35.71428571,ILS,גוף/פרטי
google,MCCANN DISCIPLINES LTD,07/04/2024,223,1250,178.5714286,ILS,גוף/פרטי
google,MCCANN DISCIPLINES LTD,14/04/2024,224,1250,178.5714286,ILS,גוף/פרטי
google,MCCANN DISCIPLINES LTD,03/08/2025,292,5750,821.4285714,ILS,גוף/פרטי
google,MCCANN DISCIPLINES LTD,10/08/2025,293,7500,1071.428571,ILS,גוף/פרטי
google,MCCANN DISCIPLINES LTD,17/08/2025,294,1750,250,ILS,גוף/פרטי
google,Mark Shteyn,02/08/2020,31,250,35.71428571,ILS,גוף/פרטי
google,Mark Shteyn,09/08/2020,32,250,35.71428571,ILS,גוף/פרטי
google,Mark Shteyn,16/08/2020,33,250,35.71428571,ILS,גוף/פרטי
google,Mark Shteyn,23/08/2020,34,250,35.71428571,ILS,גוף/פרטי
google,Mark Shteyn,30/08/2020,35,250,35.71428571,ILS,גוף/פרטי
google,Mark Shteyn,06/09/2020,36,250,35.71428571,ILS,גוף/פרטי
google,Mark Shteyn,13/09/2020,37,250,35.71428571,ILS,גוף/פרטי
google,Mark Shteyn,20/09/2020,38,500,71.42857143,ILS,גוף/פרטי
google,Mark Shteyn,27/09/2020,39,250,35.71428571,ILS,גוף/פרטי
google,Mark Shteyn,04/10/2020,40,250,35.71428571,ILS,גוף/פרטי
google,Mark Shteyn,11/10/2020,41,250,35.71428571,ILS,גוף/פרטי
google,Mark Shteyn,18/10/2020,42,250,35.71428571,ILS,גוף/פרטי
google,Mark Shteyn,25/10/2020,43,500,71.42857143,ILS,גוף/פרטי
google,Mark Shteyn,01/11/2020,44,500,71.42857143,ILS,גוף/פרטי
google,Mark Shteyn,29/11/2020,48,250,35.71428571,ILS,גוף/פרטי
google,Mark Shteyn,06/12/2020,49,250,35.71428571,ILS,גוף/פרטי
google,Mark Shteyn,17/01/2021,55,250,35.71428571,ILS,גוף/פרטי
google,Mark Shteyn,24/01/2021,56,500,71.42857143,ILS,גוף/פרטי
google,Mark Shteyn,14/02/2021,59,250,35.71428571,ILS,גוף/פרטי
google,Mark Shteyn,21/02/2021,60,250,35.71428571,ILS,גוף/פרטי
google,Mark Shteyn,28/02/2021,61,250,35.71428571,ILS,גוף/פרטי
google,Mark Shteyn,14/03/2021,63,250,35.71428571,ILS,גוף/פרטי
google,Mark Shteyn,25/04/2021,69,250,35.71428571,ILS,גוף/פרטי
google,Mark Shteyn,02/05/2021,70,250,35.71428571,ILS,גוף/פרטי
google,Mark Shteyn,13/06/2021,76,250,35.71428571,ILS,גוף/פרטי
google,Mark Shteyn,24/10/2021,95,250,35.71428571,ILS,גוף/פרטי
google,Mark Shteyn,31/10/2021,96,250,35.71428571,ILS,גוף/פרטי
google,Mark Shteyn,30/01/2022,109,250,35.71428571,ILS,גוף/פרטי
google,Mark Shteyn,13/03/2022,115,250,35.71428571,ILS,גוף/פרטי
google,Mark Shteyn,20/03/2022,116,250,35.71428571,ILS,גוף/פרטי
google,Mark Shteyn,03/04/2022,118,250,35.71428571,ILS,גוף/פרטי
google,Mark Shteyn,17/04/2022,120,250,35.71428571,ILS,גוף/פרטי
google,Mark Shteyn,24/04/2022,121,250,35.71428571,ILS,גוף/פרטי
google,Mark Shteyn,04/09/2022,140,250,35.71428571,ILS,גוף/פרטי
google,Mark Shteyn,16/10/2022,146,500,71.42857143,ILS,גוף/פרטי
google,Mark Shteyn,23/10/2022,147,500,71.42857143,ILS,גוף/פרטי
google,Mark Shteyn,06/11/2022,149,250,35.71428571,ILS,גוף/פרטי
google,Mark Shteyn,13/11/2022,150,750,107.1428571,ILS,גוף/פרטי
google,Mark Shteyn,20/11/2022,151,500,71.42857143,ILS,גוף/פרטי
google,Mark Shteyn,27/11/2022,152,250,35.71428571,ILS,גוף/פרטי
google,Mark Shteyn,04/12/2022,153,1250,178.5714286,ILS,גוף/פרטי
google,Mark Shteyn,11/12/2022,154,1000,142.8571429,ILS,גוף/פרטי
google,Mark Shteyn,18/12/2022,155,500,71.42857143,ILS,גוף/פרטי
google,Mark Shteyn,25/12/2022,156,750,107.1428571,ILS,גוף/פרטי
google,Mark Shteyn,01/01/2023,157,1250,178.5714286,ILS,גוף/פרטי
google,Mark Shteyn,08/01/2023,158,500,71.42857143,ILS,גוף/פרטי
google,Mark Shteyn,15/01/2023,159,750,107.1428571,ILS,גוף/פרטי
google,Mark Shteyn,22/01/2023,160,250,35.71428571,ILS,גוף/פרטי
google,Mark Shteyn,29/01/2023,161,1000,142.8571429,ILS,גוף/פרטי
google,Mark Shteyn,05/02/2023,162,500,71.42857143,ILS,גוף/פרטי
google,Mark Shteyn,12/02/2023,163,750,107.1428571,ILS,גוף/פרטי
google,Mark Shteyn,19/02/2023,164,250,35.71428571,ILS,גוף/פרטי
google,Mark Shteyn,26/02/2023,165,500,71.42857143,ILS,גוף/פרטי
google,Mark Shteyn,05/03/2023,166,1000,142.8571429,ILS,גוף/פרטי
google,Mark Shteyn,12/03/2023,167,1000,142.8571429,ILS,גוף/פרטי
google,Mark Shteyn,19/03/2023,168,1000,142.8571429,ILS,גוף/פרטי
google,Mark Shteyn,26/03/2023,169,2250,321.4285714,ILS,גוף/פרטי
google,Mark Shteyn,02/04/2023,170,1250,178.5714286,ILS,גוף/פרטי
google,Mark Shteyn,09/04/2023,171,1250,178.5714286,ILS,גוף/פרטי
google,Mark Shteyn,16/04/2023,172,500,71.42857143,ILS,גוף/פרטי
google,Mark Shteyn,23/04/2023,173,500,71.42857143,ILS,גוף/פרטי
google,Mark Shteyn,30/04/2023,174,500,71.42857143,ILS,גוף/פרטי
google,Mark Shteyn,07/05/2023,175,1000,142.8571429,ILS,גוף/פרטי
google,Mark Shteyn,14/05/2023,176,750,107.1428571,ILS,גוף/פרטי
google,Mark Shteyn,21/05/2023,177,750,107.1428571,ILS,גוף/פרטי
google,Mark Shteyn,28/05/2023,178,1000,142.8571429,ILS,גוף/פרטי
google,Mark Shteyn,04/06/2023,179,750,107.1428571,ILS,גוף/פרטי
google,Mark Shteyn,11/06/2023,180,1000,142.8571429,ILS,גוף/פרטי
google,Mark Shteyn,18/06/2023,181,1250,178.5714286,ILS,גוף/פרטי
google,Mark Shteyn,25/06/2023,182,1750,250,ILS,גוף/פרטי
google,Mark Shteyn,02/07/2023,183,3000,428.5714286,ILS,גוף/פרטי
google,Mark Shteyn,09/07/2023,184,1750,250,ILS,גוף/פרטי
google,Mark Shteyn,16/07/2023,185,500,71.42857143,ILS,גוף/פרטי
google,Mark Shteyn,23/07/2023,186,1250,178.5714286,ILS,גוף/פרטי
google,Mark Shteyn,30/07/2023,187,1000,142.8571429,ILS,גוף/פרטי
google,Mark Shteyn,06/08/2023,188,1000,142.8571429,ILS,גוף/פרטי
google,Mark Shteyn,13/08/2023,189,500,71.42857143,ILS,גוף/פרטי
google,Mark Shteyn,27/08/2023,191,500,71.42857143,ILS,גוף/פרטי
google,Mark Shteyn,03/09/2023,192,750,107.1428571,ILS,גוף/פרטי
google,Mark Shteyn,10/09/2023,193,500,71.42857143,ILS,גוף/פרטי
google,Mark Shteyn,17/09/2023,194,500,71.42857143,ILS,גוף/פרטי
google,Mark Shteyn,24/09/2023,195,500,71.42857143,ILS,גוף/פרטי
google,Mark Shteyn,01/10/2023,196,500,71.42857143,ILS,גוף/פרטי
google,Mark Shteyn,22/10/2023,199,250,35.71428571,ILS,גוף/פרטי
google,Mark Shteyn,10/12/2023,206,500,71.42857143,ILS,גוף/פרטי
google,Mark Shteyn,17/12/2023,207,750,107.1428571,ILS,גוף/פרטי
google,Mark Shteyn,24/12/2023,208,500,71.42857143,ILS,גוף/פרטי
google,Mark Shteyn,31/12/2023,209,250,35.71428571,ILS,גוף/פרטי
google,Mark Shteyn,07/01/2024,210,250,35.71428571,ILS,גוף/פרטי
google,Mark Shteyn,14/01/2024,211,1500,214.2857143,ILS,גוף/פרטי
google,Mark Shteyn,21/01/2024,212,250,35.71428571,ILS,גוף/פרטי
google,Mark Shteyn,04/02/2024,214,250,35.71428571,ILS,גוף/פרטי
google,Mark Shteyn,18/02/2024,216,500,71.42857143,ILS,גוף/פרטי
google,Mark Shteyn,25/02/2024,217,250,35.71428571,ILS,גוף/פרטי
google,Mark Shteyn,03/03/2024,218,250,35.71428571,ILS,גוף/פרטי
google,Mark Shteyn,10/03/2024,219,250,35.71428571,ILS,גוף/פרטי
google,Mark Shteyn,17/03/2024,220,250,35.71428571,ILS,גוף/פרטי
google,Mark Shteyn,24/03/2024,221,500,71.42857143,ILS,גוף/פרטי
google,Mark Shteyn,07/04/2024,223,250,35.71428571,ILS,גוף/פרטי
google,Mark Shteyn,14/04/2024,224,250,35.71428571,ILS,גוף/פרטי
google,Mark Shteyn,21/04/2024,225,500,71.42857143,ILS,גוף/פרטי
google,Mark Shteyn,28/04/2024,226,500,71.42857143,ILS,גוף/פרטי
google,Mark Shteyn,05/05/2024,227,250,35.71428571,ILS,גוף/פרטי
google,Mark Shteyn,09/06/2024,232,250,35.71428571,ILS,גוף/פרטי
google,Mark Shteyn,16/06/2024,233,250,35.71428571,ILS,גוף/פרטי
google,Mark Shteyn,01/09/2024,244,250,35.71428571,ILS,גוף/פרטי
google,Mark Shteyn,15/09/2024,246,500,71.42857143,ILS,גוף/פרטי
google,Mark Shteyn,06/10/2024,249,500,71.42857143,ILS,גוף/פרטי
google,Mark Shteyn,27/10/2024,252,250,35.71428571,ILS,גוף/פרטי
google,Mark Shteyn,03/11/2024,253,250,35.71428571,ILS,גוף/פרטי
google,Mark Shteyn,10/11/2024,254,500,71.42857143,ILS,גוף/פרטי
google,Mark Shteyn,17/11/2024,255,250,35.71428571,ILS,גוף/פרטי
google,Mark Shteyn,01/12/2024,257,250,35.71428571,ILS,גוף/פרטי
google,Mark Shteyn,15/12/2024,259,250,35.71428571,ILS,גוף/פרטי
google,Mark Shteyn,19/01/2025,264,250,35.71428571,ILS,גוף/פרטי
google,Mark Shteyn,20/07/2025,290,250,35.71428571,ILS,גוף/פרטי
google,Mark Shteyn,27/07/2025,291,250,35.71428571,ILS,גוף/פרטי
google,Mediaru LTD,12/05/2024,228,250,35.71428571,ILS,גוף/פרטי
google,Mediaru LTD,19/05/2024,229,250,35.71428571,ILS,גוף/פרטי
google,Mediaru LTD,26/05/2024,230,250,35.71428571,ILS,גוף/פרטי
google,Mediaru LTD,02/06/2024,231,250,35.71428571,ILS,גוף/פרטי
google,Mediaru LTD,09/06/2024,232,250,35.71428571,ILS,גוף/פרטי
google,Mediaru LTD,16/06/2024,233,250,35.71428571,ILS,גוף/פרטי
google,Mediaru LTD,23/06/2024,234,250,35.71428571,ILS,גוף/פרטי
google,Mediaru LTD,30/06/2024,235,500,71.42857143,ILS,גוף/פרטי
google,Mediaru LTD,07/07/2024,236,750,107.1428571,ILS,גוף/פרטי
google,Mediaru LTD,14/07/2024,237,750,107.1428571,ILS,גוף/פרטי
google,Mediaru LTD,21/07/2024,238,500,71.42857143,ILS,גוף/פרטי
google,Mediaru LTD,28/07/2024,239,500,71.42857143,ILS,גוף/פרטי
google,Mediaru LTD,04/08/2024,240,1000,142.8571429,ILS,גוף/פרטי
google,Mediaru LTD,11/08/2024,241,750,107.1428571,ILS,גוף/פרטי
google,Mediaru LTD,18/08/2024,242,750,107.1428571,ILS,גוף/פרטי
google,Mediaru LTD,25/08/2024,243,750,107.1428571,ILS,גוף/פרטי
google,Mediaru LTD,01/09/2024,244,500,71.42857143,ILS,גוף/פרטי
google,Mediaru LTD,08/09/2024,245,500,71.42857143,ILS,גוף/פרטי
google,Mediaru LTD,15/09/2024,246,750,107.1428571,ILS,גוף/פרטי
google,Mediaru LTD,22/09/2024,247,500,71.42857143,ILS,גוף/פרטי
google,Mediaru LTD,29/09/2024,248,1250,178.5714286,ILS,גוף/פרטי
google,Mediaru LTD,06/10/2024,249,4500,642.8571429,ILS,גוף/פרטי
google,Mediaru LTD,13/10/2024,250,2500,357.1428571,ILS,גוף/פרטי
google,Mediaru LTD,20/10/2024,251,1750,250,ILS,גוף/פרטי
google,Mediaru LTD,27/10/2024,252,1750,250,ILS,גוף/פרטי
google,Mediaru LTD,03/11/2024,253,1500,214.2857143,ILS,גוף/פרטי
google,Mediaru LTD,10/11/2024,254,750,107.1428571,ILS,גוף/פרטי
google,Mediaru LTD,17/11/2024,255,750,107.1428571,ILS,גוף/פרטי
google,Mediaru LTD,24/11/2024,256,750,107.1428571,ILS,גוף/פרטי
google,Mediaru LTD,01/12/2024,257,1000,142.8571429,ILS,גוף/פרטי
google,Mediaru LTD,08/12/2024,258,1500,214.2857143,ILS,גוף/פרטי
google,Mediaru LTD,15/12/2024,259,1000,142.8571429,ILS,גוף/פרטי
google,Mediaru LTD,22/12/2024,260,750,107.1428571,ILS,גוף/פרטי
google,Mediaru LTD,29/12/2024,261,500,71.42857143,ILS,גוף/פרטי
google,Mediaru LTD,05/01/2025,262,500,71.42857143,ILS,גוף/פרטי
google,Mediaru LTD,12/01/2025,263,750,107.1428571,ILS,גוף/פרטי
google,Mediaru LTD,19/01/2025,264,500,71.42857143,ILS,גוף/פרטי
google,Mediaru LTD,26/01/2025,265,250,35.71428571,ILS,גוף/פרטי
google,Mediaru LTD,02/02/2025,266,250,35.71428571,ILS,גוף/פרטי
google,Mediaru LTD,09/02/2025,267,250,35.71428571,ILS,גוף/פרטי
google,Mediaru LTD,16/02/2025,268,500,71.42857143,ILS,גוף/פרטי
google,Mediaru LTD,23/02/2025,269,500,71.42857143,ILS,גוף/פרטי
google,Mediaru LTD,02/03/2025,270,500,71.42857143,ILS,גוף/פרטי
google,Mediaru LTD,09/03/2025,271,250,35.71428571,ILS,גוף/פרטי
google,Mediaru LTD,16/03/2025,272,250,35.71428571,ILS,גוף/פרטי
google,Mediaru LTD,11/05/2025,280,250,35.71428571,ILS,גוף/פרטי
google,Mediaru LTD,18/05/2025,281,250,35.71428571,ILS,גוף/פרטי
google,Mediaru LTD,25/05/2025,282,250,35.71428571,ILS,גוף/פרטי
google,Mediaru LTD,01/06/2025,283,250,35.71428571,ILS,גוף/פרטי
google,Mediaru LTD,08/06/2025,284,500,71.42857143,ILS,גוף/פרטי
google,Mediaru LTD,15/06/2025,285,1000,142.8571429,ILS,גוף/פרטי
google,Mediaru LTD,22/06/2025,286,500,71.42857143,ILS,גוף/פרטי
google,Mediaru LTD,29/06/2025,287,250,35.71428571,ILS,גוף/פרטי
google,Mediaru LTD,06/07/2025,288,250,35.71428571,ILS,גוף/פרטי
google,Tzalash Party,24/01/2021,56,1250,178.5714286,ILS,מפלגה
google,Tzalash Party,31/01/2021,57,20750,2964.285714,ILS,מפלגה
google,Tzalash Party,07/02/2021,58,19000,2714.285714,ILS,מפלגה
google,Tzalash Party,14/02/2021,59,15000,2142.857143,ILS,מפלגה
google,Tzalash Party,21/02/2021,60,27500,3928.571429,ILS,מפלגה
google,Tzalash Party,28/02/2021,61,106500,15214.28571,ILS,מפלגה
google,Tzalash Party,07/03/2021,62,56750,8107.142857,ILS,מפלגה
google,Tzalash Party,14/03/2021,63,15000,2142.857143,ILS,מפלגה
google,Tzalash Party,21/03/2021,64,13000,1857.142857,ILS,מפלגה
google,Tzalash Party,06/02/2022,110,12250,1750,ILS,מפלגה
google,Tzalash Party,27/02/2022,113,750,107.1428571,ILS,מפלגה
google,Tzalash Party,06/03/2022,114,5500,785.7142857,ILS,מפלגה
google,Tzalash Party,03/04/2022,118,10000,1428.571429,ILS,מפלגה
google,Tzalash Party,24/04/2022,121,34000,4857.142857,ILS,מפלגה
google,Tzalash Party,01/05/2022,122,22500,3214.285714,ILS,מפלגה
google,Tzalash Party,08/05/2022,123,9750,1392.857143,ILS,מפלגה
google,Tzalash Party,19/06/2022,129,120000,17142.85714,ILS,מפלגה
google,Tzalash Party,26/06/2022,130,22250,3178.571429,ILS,מפלגה
google,"אחריות לאומית (חל""צ)",01/11/2020,44,2500,357.1428571,ILS,גוף/פרטי
google,"אחריות לאומית (חל""צ)",08/11/2020,45,4500,642.8571429,ILS,גוף/פרטי
google,"אחריות לאומית (חל""צ)",15/11/2020,46,3750,535.7142857,ILS,גוף/פרטי
google,"אחריות לאומית (חל""צ)",29/11/2020,48,500,71.42857143,ILS,גוף/פרטי
google,"אחריות לאומית (חל""צ)",06/12/2020,49,1750,250,ILS,גוף/פרטי
google,"אחריות לאומית (חל""צ)",13/12/2020,50,1000,142.8571429,ILS,גוף/פרטי
google,"אחריות לאומית (חל""צ)",04/09/2022,140,12750,1821.428571,ILS,גוף/פרטי
google,ארגון רבני צהר,15/09/2024,246,250,35.71428571,ILS,גוף/פרטי
google,ארגון רבני צהר,22/09/2024,247,250,35.71428571,ILS,גוף/פרטי
google,ארגון רבני צהר,29/09/2024,248,250,35.71428571,ILS,גוף/פרטי
google,ארגון רבני צהר,20/10/2024,251,500,71.42857143,ILS,גוף/פרטי
google,ארגון רבני צהר,15/12/2024,259,1000,142.8571429,ILS,גוף/פרטי
google,ארגון רבני צהר,29/12/2024,261,1000,142.8571429,ILS,גוף/פרטי
google,ארגון רבני צהר,05/01/2025,262,750,107.1428571,ILS,גוף/פרטי
google,ארגון רבני צהר,12/01/2025,263,250,35.71428571,ILS,גוף/פרטי
google,ארגון רבני צהר,19/01/2025,264,1000,142.8571429,ILS,גוף/פרטי
google,ארגון רבני צהר,02/02/2025,266,250,35.71428571,ILS,גוף/פרטי
google,ארגון רבני צהר,09/02/2025,267,250,35.71428571,ILS,גוף/פרטי
google,ארגון רבני צהר,23/02/2025,269,250,35.71428571,ILS,גוף/פרטי
google,ארגון רבני צהר,09/03/2025,271,500,71.42857143,ILS,גוף/פרטי
google,ארגון רבני צהר,23/03/2025,273,250,35.71428571,ILS,גוף/פרטי
google,ארגון רבני צהר,30/03/2025,274,250,35.71428571,ILS,גוף/פרטי
google,ארגון רבני צהר,06/04/2025,275,250,35.71428571,ILS,גוף/פרטי
google,ארגון רבני צהר,13/04/2025,276,250,35.71428571,ILS,גוף/פרטי
google,ארגון רבני צהר,27/04/2025,278,250,35.71428571,ILS,גוף/פרטי
google,ארגון רבני צהר,04/05/2025,279,250,35.71428571,ILS,גוף/פרטי
google,ארגון רבני צהר,11/05/2025,280,250,35.71428571,ILS,גוף/פרטי
google,ארגון רבני צהר,25/05/2025,282,250,35.71428571,ILS,גוף/פרטי
google,ארגון רבני צהר,01/06/2025,283,250,35.71428571,ILS,גוף/פרטי
google,ארגון רבני צהר,08/06/2025,284,250,35.71428571,ILS,גוף/פרטי
google,ארגון רבני צהר,22/06/2025,286,750,107.1428571,ILS,גוף/פרטי
google,ארגון רבני צהר,29/06/2025,287,500,71.42857143,ILS,גוף/פרטי
google,ארגון רבני צהר,06/07/2025,288,500,71.42857143,ILS,גוף/פרטי
google,ארגון רבני צהר,13/07/2025,289,750,107.1428571,ILS,גוף/פרטי
google,ארגון רבני צהר,20/07/2025,290,750,107.1428571,ILS,גוף/פרטי
google,ארגון רבני צהר,27/07/2025,291,250,35.71428571,ILS,גוף/פרטי
google,ארגון רבני צהר,03/08/2025,292,750,107.1428571,ILS,גוף/פרטי
google,ארגון רבני צהר,10/08/2025,293,1000,142.8571429,ILS,גוף/פרטי
google,ארגון רבני צהר,17/08/2025,294,1000,142.8571429,ILS,גוף/פרטי
google,ארגון רבני צהר,31/08/2025,296,500,71.42857143,ILS,גוף/פרטי
google,ארגון רבני צהר,07/09/2025,297,750,107.1428571,ILS,גוף/פרטי
google,ארגון רבני צהר,14/09/2025,298,500,71.42857143,ILS,גוף/פרטי
google,ארגון רבני צהר,21/09/2025,299,250,35.71428571,ILS,גוף/פרטי
google,ארגון רבני צהר,05/10/2025,301,250,35.71428571,ILS,גוף/פרטי
google,ארגון רבני צהר,12/10/2025,302,250,35.71428571,ILS,גוף/פרטי
google,ארגון רבני צהר,02/11/2025,305,500,71.42857143,ILS,גוף/פרטי
google,ארגון רבני צהר,09/11/2025,306,250,35.71428571,ILS,גוף/פרטי
google,ארגון רבני צהר,16/11/2025,307,500,71.42857143,ILS,גוף/פרטי
google,ארגון רבני צהר,23/11/2025,308,250,35.71428571,ILS,גוף/פרטי
google,ארגון רבני צהר,30/11/2025,309,500,71.42857143,ILS,גוף/פרטי
google,ארגון רבני צהר,07/12/2025,310,250,35.71428571,ILS,גוף/פרטי
google,ארגון רבני צהר,14/12/2025,311,250,35.71428571,ILS,גוף/פרטי
google,"ביחד עם לוחמי כיפור 1973 (ע""ר)",31/12/2023,209,85000,12142.85714,ILS,גוף/פרטי
google,"ביחד עם לוחמי כיפור 1973 (ע""ר)",07/01/2024,210,85250,12178.57143,ILS,גוף/פרטי
google,"ביחד עם לוחמי כיפור 1973 (ע""ר)",14/01/2024,211,250,35.71428571,ILS,גוף/פרטי
google,"ביחד עם לוחמי כיפור 1973 (ע""ר)",21/01/2024,212,2000,285.7142857,ILS,גוף/פרטי
google,"ביחד עם לוחמי כיפור 1973 (ע""ר)",28/01/2024,213,24500,3500,ILS,גוף/פרטי
google,"ביחד עם לוחמי כיפור 1973 (ע""ר)",04/02/2024,214,15250,2178.571429,ILS,גוף/פרטי
google,"ביחד עם לוחמי כיפור 1973 (ע""ר)",11/02/2024,215,35250,5035.714286,ILS,גוף/פרטי
google,"ביחד עם לוחמי כיפור 1973 (ע""ר)",18/02/2024,216,68750,9821.428571,ILS,גוף/פרטי
google,"ביחד עם לוחמי כיפור 1973 (ע""ר)",25/02/2024,217,40750,5821.428571,ILS,גוף/פרטי
google,"ביחד עם לוחמי כיפור 1973 (ע""ר)",03/03/2024,218,113000,16142.85714,ILS,גוף/פרטי
google,"ביחד עם לוחמי כיפור 1973 (ע""ר)",10/03/2024,219,58750,8392.857143,ILS,גוף/פרטי
google,"ביחד עם לוחמי כיפור 1973 (ע""ר)",17/03/2024,220,39000,5571.428571,ILS,גוף/פרטי
google,"ביחד עם לוחמי כיפור 1973 (ע""ר)",24/03/2024,221,14250,2035.714286,ILS,גוף/פרטי
google,"ביחד עם לוחמי כיפור 1973 (ע""ר)",07/04/2024,223,4250,607.1428571,ILS,גוף/פרטי
google,"ביחד עם לוחמי כיפור 1973 (ע""ר)",14/04/2024,224,11000,1571.428571,ILS,גוף/פרטי
google,"ביחד עם לוחמי כיפור 1973 (ע""ר)",21/04/2024,225,1750,250,ILS,גוף/פרטי
google,"ביחד עם לוחמי כיפור 1973 (ע""ר)",28/04/2024,226,26000,3714.285714,ILS,גוף/פרטי
google,"ביחד עם לוחמי כיפור 1973 (ע""ר)",05/05/2024,227,60500,8642.857143,ILS,גוף/פרטי
google,"ביחד עם לוחמי כיפור 1973 (ע""ר)",12/05/2024,228,2500,357.1428571,ILS,גוף/פרטי
google,"ביחד עם לוחמי כיפור 1973 (ע""ר)",26/05/2024,230,2000,285.7142857,ILS,גוף/פרטי
google,"ביחד עם לוחמי כיפור 1973 (ע""ר)",02/06/2024,231,21250,3035.714286,ILS,גוף/פרטי
google,"ביחד עם לוחמי כיפור 1973 (ע""ר)",09/06/2024,232,3000,428.5714286,ILS,גוף/פרטי
google,"ביחד עם לוחמי כיפור 1973 (ע""ר)",14/07/2024,237,250,35.71428571,ILS,גוף/פרטי
google,"ביחד עם לוחמי כיפור 1973 (ע""ר)",22/09/2024,247,250,35.71428571,ILS,גוף/פרטי
google,"ביחד עם לוחמי כיפור 1973 (ע""ר)",29/09/2024,248,250,35.71428571,ILS,גוף/פרטי
google,"ביחד עם לוחמי כיפור 1973 (ע""ר)",06/10/2024,249,60250,8607.142857,ILS,גוף/פרטי
google,"ביחד עם לוחמי כיפור 1973 (ע""ר)",13/10/2024,250,186750,26678.57143,ILS,גוף/פרטי
google,"ביחד עם לוחמי כיפור 1973 (ע""ר)",20/10/2024,251,14750,2107.142857,ILS,גוף/פרטי
google,"ביחד עם לוחמי כיפור 1973 (ע""ר)",27/10/2024,252,15750,2250,ILS,גוף/פרטי
google,"ביחד עם לוחמי כיפור 1973 (ע""ר)",08/12/2024,258,5750,821.4285714,ILS,גוף/פרטי
google,"ביחד עם לוחמי כיפור 1973 (ע""ר)",06/04/2025,275,2250,321.4285714,ILS,גוף/פרטי
google,"ביחד עם לוחמי כיפור 1973 (ע""ר)",13/04/2025,276,37500,5357.142857,ILS,גוף/פרטי
google,"ביחד עם לוחמי כיפור 1973 (ע""ר)",18/05/2025,281,1500,214.2857143,ILS,גוף/פרטי
google,"ביחד עם לוחמי כיפור 1973 (ע""ר)",14/09/2025,298,1750,250,ILS,גוף/פרטי
google,"ביחד עם לוחמי כיפור 1973 (ע""ר)",21/09/2025,299,3250,464.2857143,ILS,גוף/פרטי
google,"ביחד עם לוחמי כיפור 1973 (ע""ר)",28/09/2025,300,62750,8964.285714,ILS,גוף/פרטי
google,"ביחד עם לוחמי כיפור 1973 (ע""ר)",05/10/2025,301,32750,4678.571429,ILS,גוף/פרטי
google,הביטחוניסטים,04/02/2024,214,250,35.71428571,ILS,גוף/פרטי
google,הביטחוניסטים,11/02/2024,215,250,35.71428571,ILS,גוף/פרטי
google,הביטחוניסטים,18/02/2024,216,250,35.71428571,ILS,גוף/פרטי
google,הביטחוניסטים,25/02/2024,217,250,35.71428571,ILS,גוף/פרטי
google,הביטחוניסטים,03/03/2024,218,250,35.71428571,ILS,גוף/פרטי
google,הביטחוניסטים,10/03/2024,219,250,35.71428571,ILS,גוף/פרטי
google,הביטחוניסטים,17/03/2024,220,250,35.71428571,ILS,גוף/פרטי
google,הביטחוניסטים,24/03/2024,221,250,35.71428571,ILS,גוף/פרטי
google,הביטחוניסטים,31/03/2024,222,250,35.71428571,ILS,גוף/פרטי
google,הביטחוניסטים,07/04/2024,223,250,35.71428571,ILS,גוף/פרטי
google,הביטחוניסטים,14/04/2024,224,250,35.71428571,ILS,גוף/פרטי
google,הביטחוניסטים,21/04/2024,225,250,35.71428571,ILS,גוף/פרטי
google,הביטחוניסטים,28/04/2024,226,250,35.71428571,ILS,גוף/פרטי
google,הביטחוניסטים,05/05/2024,227,250,35.71428571,ILS,גוף/פרטי
google,הביטחוניסטים,12/05/2024,228,250,35.71428571,ILS,גוף/פרטי
google,הביטחוניסטים,19/05/2024,229,250,35.71428571,ILS,גוף/פרטי
google,הביטחוניסטים,26/05/2024,230,250,35.71428571,ILS,גוף/פרטי
google,הביטחוניסטים,02/06/2024,231,250,35.71428571,ILS,גוף/פרטי
google,הביטחוניסטים,09/06/2024,232,250,35.71428571,ILS,גוף/פרטי
google,הביטחוניסטים,16/06/2024,233,250,35.71428571,ILS,גוף/פרטי
google,הביטחוניסטים,23/06/2024,234,250,35.71428571,ILS,גוף/פרטי
google,הביטחוניסטים,30/06/2024,235,250,35.71428571,ILS,גוף/פרטי
google,הביטחוניסטים,07/07/2024,236,250,35.71428571,ILS,גוף/פרטי
google,הביטחוניסטים,14/07/2024,237,250,35.71428571,ILS,גוף/פרטי
google,הביטחוניסטים,11/08/2024,241,250,35.71428571,ILS,גוף/פרטי
google,הביטחוניסטים,18/08/2024,242,250,35.71428571,ILS,גוף/פרטי
google,הביטחוניסטים,25/08/2024,243,750,107.1428571,ILS,גוף/פרטי
google,הביטחוניסטים,01/09/2024,244,250,35.71428571,ILS,גוף/פרטי
google,הביטחוניסטים,08/09/2024,245,250,35.71428571,ILS,גוף/פרטי
google,הביטחוניסטים,15/09/2024,246,250,35.71428571,ILS,גוף/פרטי
google,הביטחוניסטים,22/09/2024,247,250,35.71428571,ILS,גוף/פרטי
google,הביטחוניסטים,29/09/2024,248,250,35.71428571,ILS,גוף/פרטי
google,הביטחוניסטים,06/10/2024,249,500,71.42857143,ILS,גוף/פרטי
google,הביטחוניסטים,13/10/2024,250,250,35.71428571,ILS,גוף/פרטי
google,הביטחוניסטים,20/10/2024,251,250,35.71428571,ILS,גוף/פרטי
google,הביטחוניסטים,27/10/2024,252,250,35.71428571,ILS,גוף/פרטי
google,הביטחוניסטים,03/11/2024,253,250,35.71428571,ILS,גוף/פרטי
google,הביטחוניסטים,10/11/2024,254,250,35.71428571,ILS,גוף/פרטי
google,הביטחוניסטים,17/11/2024,255,250,35.71428571,ILS,גוף/פרטי
google,הביטחוניסטים,24/11/2024,256,250,35.71428571,ILS,גוף/פרטי
google,הביטחוניסטים,01/12/2024,257,250,35.71428571,ILS,גוף/פרטי
google,הביטחוניסטים,08/12/2024,258,250,35.71428571,ILS,גוף/פרטי
google,הביטחוניסטים,15/12/2024,259,250,35.71428571,ILS,גוף/פרטי
google,הביטחוניסטים,22/12/2024,260,250,35.71428571,ILS,גוף/פרטי
google,הביטחוניסטים,29/12/2024,261,250,35.71428571,ILS,גוף/פרטי
google,הביטחוניסטים,05/01/2025,262,250,35.71428571,ILS,גוף/פרטי
google,הביטחוניסטים,12/01/2025,263,500,71.42857143,ILS,גוף/פרטי
google,הביטחוניסטים,19/01/2025,264,500,71.42857143,ILS,גוף/פרטי
google,הביטחוניסטים,26/01/2025,265,500,71.42857143,ILS,גוף/פרטי
google,הביטחוניסטים,02/02/2025,266,250,35.71428571,ILS,גוף/פרטי
google,הביטחוניסטים,09/02/2025,267,500,71.42857143,ILS,גוף/פרטי
google,הביטחוניסטים,16/02/2025,268,1000,142.8571429,ILS,גוף/פרטי
google,הביטחוניסטים,23/02/2025,269,1000,142.8571429,ILS,גוף/פרטי
google,הביטחוניסטים,02/03/2025,270,1250,178.5714286,ILS,גוף/פרטי
google,הביטחוניסטים,09/03/2025,271,1000,142.8571429,ILS,גוף/פרטי
google,הביטחוניסטים,16/03/2025,272,750,107.1428571,ILS,גוף/פרטי
google,הביטחוניסטים,23/03/2025,273,500,71.42857143,ILS,גוף/פרטי
google,הביטחוניסטים,30/03/2025,274,250,35.71428571,ILS,גוף/פרטי
google,הביטחוניסטים,06/04/2025,275,250,35.71428571,ILS,גוף/פרטי
google,הביטחוניסטים,13/04/2025,276,250,35.71428571,ILS,גוף/פרטי
google,הביטחוניסטים,20/04/2025,277,250,35.71428571,ILS,גוף/פרטי
google,הביטחוניסטים,27/04/2025,278,250,35.71428571,ILS,גוף/פרטי
google,הביטחוניסטים,04/05/2025,279,250,35.71428571,ILS,גוף/פרטי
google,הביטחוניסטים,11/05/2025,280,250,35.71428571,ILS,גוף/פרטי
google,הביטחוניסטים,18/05/2025,281,250,35.71428571,ILS,גוף/פרטי
google,הביטחוניסטים,25/05/2025,282,250,35.71428571,ILS,גוף/פרטי
google,הביטחוניסטים,01/06/2025,283,250,35.71428571,ILS,גוף/פרטי
google,הביטחוניסטים,08/06/2025,284,250,35.71428571,ILS,גוף/פרטי
google,הביטחוניסטים,15/06/2025,285,250,35.71428571,ILS,גוף/פרטי
google,הביטחוניסטים,22/06/2025,286,500,71.42857143,ILS,גוף/פרטי
google,הביטחוניסטים,29/06/2025,287,250,35.71428571,ILS,גוף/פרטי
google,הביטחוניסטים,06/07/2025,288,250,35.71428571,ILS,גוף/פרטי
google,הביטחוניסטים,13/07/2025,289,250,35.71428571,ILS,גוף/פרטי
google,הביטחוניסטים,20/07/2025,290,250,35.71428571,ILS,גוף/פרטי
google,הביטחוניסטים,27/07/2025,291,250,35.71428571,ILS,גוף/פרטי
google,הביטחוניסטים,03/08/2025,292,250,35.71428571,ILS,גוף/פרטי
google,הביטחוניסטים,10/08/2025,293,250,35.71428571,ILS,גוף/פרטי
google,הביטחוניסטים,17/08/2025,294,250,35.71428571,ILS,גוף/פרטי
google,הביטחוניסטים,24/08/2025,295,250,35.71428571,ILS,גוף/פרטי
google,הביטחוניסטים,31/08/2025,296,250,35.71428571,ILS,גוף/פרטי
google,הביטחוניסטים,07/09/2025,297,250,35.71428571,ILS,גוף/פרטי
google,הדגלים השחורים בע״מ (חל״צ),21/04/2024,225,45000,6428.571429,ILS,גוף/פרטי
google,הדגלים השחורים בע״מ (חל״צ),23/06/2024,234,43250,6178.571429,ILS,גוף/פרטי
google,הליכוד - תנועה לאומית ליברלית,11/09/2022,141,72750,10392.85714,ILS,מפלגה
google,הליכוד - תנועה לאומית ליברלית,18/09/2022,142,57000,8142.857143,ILS,מפלגה
google,הליכוד - תנועה לאומית ליברלית,25/09/2022,143,500,71.42857143,ILS,מפלגה
google,הציונות הדתית,21/02/2021,60,250,35.71428571,ILS,מפלגה
google,הציונות הדתית,28/02/2021,61,750,107.1428571,ILS,מפלגה
google,הציונות הדתית,07/03/2021,62,5750,821.4285714,ILS,מפלגה
google,הציונות הדתית,14/03/2021,63,4500,642.8571429,ILS,מפלגה
google,הציונות הדתית,21/03/2021,64,1000,142.8571429,ILS,מפלגה
google,הציונות הדתית,11/04/2021,67,250,35.71428571,ILS,מפלגה
google,הציונות הדתית,21/11/2021,99,1000,142.8571429,ILS,מפלגה
google,הציונות הדתית,28/11/2021,100,750,107.1428571,ILS,מפלגה
google,הציונות הדתית,05/12/2021,101,500,71.42857143,ILS,מפלגה
google,הציונות הדתית,12/12/2021,102,750,107.1428571,ILS,מפלגה
google,הציונות הדתית,19/12/2021,103,750,107.1428571,ILS,מפלגה
google,הציונות הדתית,26/12/2021,104,250,35.71428571,ILS,מפלגה
google,הציונות הדתית,20/02/2022,112,250,35.71428571,ILS,מפלגה
google,הציונות הדתית,27/02/2022,113,250,35.71428571,ILS,מפלגה
google,הציונות הדתית,06/03/2022,114,750,107.1428571,ILS,מפלגה
google,הציונות הדתית,07/08/2022,136,1000,142.8571429,ILS,מפלגה
google,הציונות הדתית,14/08/2022,137,2750,392.8571429,ILS,מפלגה
google,הציונות הדתית,21/08/2022,138,750,107.1428571,ILS,מפלגה
google,הציונות הדתית,18/09/2022,142,250,35.71428571,ILS,מפלגה
google,הציונות הדתית,25/09/2022,143,4500,642.8571429,ILS,מפלגה
google,הציונות הדתית,09/10/2022,145,6750,964.2857143,ILS,מפלגה
google,הציונות הדתית,16/10/2022,146,6000,857.1428571,ILS,מפלגה
google,הציונות הדתית,23/10/2022,147,10250,1464.285714,ILS,מפלגה
google,הציונות הדתית,30/10/2022,148,13000,1857.142857,ILS,מפלגה
google,הציונות הדתית,30/04/2023,174,2000,285.7142857,ILS,מפלגה
google,הציונות הדתית,07/05/2023,175,1000,142.8571429,ILS,מפלגה
google,הרשימה המשותפת,07/03/2021,62,7250,1035.714286,ILS,מפלגה
google,הרשימה המשותפת,14/03/2021,63,12250,1750,ILS,מפלגה
google,הרשימה המשותפת,21/03/2021,64,17000,2428.571429,ILS,מפלגה
google,חותם - יהדות על סדר היום,24/10/2021,95,1750,250,ILS,גוף/פרטי
google,חותם - יהדות על סדר היום,14/11/2021,98,250,35.71428571,ILS,גוף/פרטי
google,חותם - יהדות על סדר היום,21/11/2021,99,250,35.71428571,ILS,גוף/פרטי
google,חותם - יהדות על סדר היום,05/12/2021,101,500,71.42857143,ILS,גוף/פרטי
google,חותם - יהדות על סדר היום,12/12/2021,102,250,35.71428571,ILS,גוף/פרטי
google,חותם - יהדות על סדר היום,19/12/2021,103,250,35.71428571,ILS,גוף/פרטי
google,חותם - יהדות על סדר היום,26/12/2021,104,250,35.71428571,ILS,גוף/פרטי
google,חותם - יהדות על סדר היום,02/01/2022,105,1250,178.5714286,ILS,גוף/פרטי
google,חותם - יהדות על סדר היום,09/01/2022,106,750,107.1428571,ILS,גוף/פרטי
google,חותם - יהדות על סדר היום,16/01/2022,107,750,107.1428571,ILS,גוף/פרטי
google,חותם - יהדות על סדר היום,23/01/2022,108,250,35.71428571,ILS,גוף/פרטי
google,חותם - יהדות על סדר היום,30/01/2022,109,250,35.71428571,ILS,גוף/פרטי
google,חותם - יהדות על סדר היום,06/02/2022,110,250,35.71428571,ILS,גוף/פרטי
google,חותם - יהדות על סדר היום,13/02/2022,111,250,35.71428571,ILS,גוף/פרטי
google,חותם - יהדות על סדר היום,20/02/2022,112,750,107.1428571,ILS,גוף/פרטי
google,חותם - יהדות על סדר היום,27/02/2022,113,250,35.71428571,ILS,גוף/פרטי
google,חותם - יהדות על סדר היום,06/03/2022,114,500,71.42857143,ILS,גוף/פרטי
google,חותם - יהדות על סדר היום,13/03/2022,115,1750,250,ILS,גוף/פרטי
google,חותם - יהדות על סדר היום,20/03/2022,116,250,35.71428571,ILS,גוף/פרטי
google,חותם - יהדות על סדר היום,03/04/2022,118,500,71.42857143,ILS,גוף/פרטי
google,חותם - יהדות על סדר היום,10/04/2022,119,250,35.71428571,ILS,גוף/פרטי
google,חותם - יהדות על סדר היום,29/05/2022,126,250,35.71428571,ILS,גוף/פרטי
google,חותם - יהדות על סדר היום,05/06/2022,127,250,35.71428571,ILS,גוף/פרטי
google,חותם - יהדות על סדר היום,26/06/2022,130,250,35.71428571,ILS,גוף/פרטי
google,חותם - יהדות על סדר היום,03/07/2022,131,250,35.71428571,ILS,גוף/פרטי
google,חותם - יהדות על סדר היום,10/07/2022,132,250,35.71428571,ILS,גוף/פרטי
google,חותם - יהדות על סדר היום,07/08/2022,136,250,35.71428571,ILS,גוף/פרטי
google,חותם - יהדות על סדר היום,14/08/2022,137,1000,142.8571429,ILS,גוף/פרטי
google,חותם - יהדות על סדר היום,21/08/2022,138,250,35.71428571,ILS,גוף/פרטי
google,חותם - יהדות על סדר היום,28/08/2022,139,250,35.71428571,ILS,גוף/פרטי
google,חותם - יהדות על סדר היום,16/10/2022,146,500,71.42857143,ILS,גוף/פרטי
google,חותם - יהדות על סדר היום,23/10/2022,147,1000,142.8571429,ILS,גוף/פרטי
google,חותם - יהדות על סדר היום,30/10/2022,148,750,107.1428571,ILS,גוף/פרטי
google,חותם - יהדות על סדר היום,27/11/2022,152,250,35.71428571,ILS,גוף/פרטי
google,חותם - יהדות על סדר היום,04/12/2022,153,250,35.71428571,ILS,גוף/פרטי
google,חותם - יהדות על סדר היום,18/12/2022,155,500,71.42857143,ILS,גוף/פרטי
google,חותם - יהדות על סדר היום,25/12/2022,156,750,107.1428571,ILS,גוף/פרטי
google,חותם - יהדות על סדר היום,01/01/2023,157,1000,142.8571429,ILS,גוף/פרטי
google,חותם - יהדות על סדר היום,08/01/2023,158,1000,142.8571429,ILS,גוף/פרטי
google,חותם - יהדות על סדר היום,15/01/2023,159,500,71.42857143,ILS,גוף/פרטי
google,חותם - יהדות על סדר היום,22/01/2023,160,1000,142.8571429,ILS,גוף/פרטי
google,חותם - יהדות על סדר היום,29/01/2023,161,1500,214.2857143,ILS,גוף/פרטי
google,חותם - יהדות על סדר היום,05/02/2023,162,1500,214.2857143,ILS,גוף/פרטי
google,חותם - יהדות על סדר היום,12/02/2023,163,1500,214.2857143,ILS,גוף/פרטי
google,חותם - יהדות על סדר היום,19/02/2023,164,750,107.1428571,ILS,גוף/פרטי
google,חותם - יהדות על סדר היום,05/03/2023,166,500,71.42857143,ILS,גוף/פרטי
google,חותם - יהדות על סדר היום,19/03/2023,168,250,35.71428571,ILS,גוף/פרטי
google,חותם - יהדות על סדר היום,26/03/2023,169,500,71.42857143,ILS,גוף/פרטי
google,חותם - יהדות על סדר היום,14/05/2023,176,1500,214.2857143,ILS,גוף/פרטי
google,חותם - יהדות על סדר היום,21/05/2023,177,250,35.71428571,ILS,גוף/פרטי
google,חותם - יהדות על סדר היום,04/06/2023,179,500,71.42857143,ILS,גוף/פרטי
google,חותם - יהדות על סדר היום,11/06/2023,180,1500,214.2857143,ILS,גוף/פרטי
google,חותם - יהדות על סדר היום,18/06/2023,181,1000,142.8571429,ILS,גוף/פרטי
google,חותם - יהדות על סדר היום,25/06/2023,182,750,107.1428571,ILS,גוף/פרטי
google,חותם - יהדות על סדר היום,02/07/2023,183,1000,142.8571429,ILS,גוף/פרטי
google,חותם - יהדות על סדר היום,09/07/2023,184,750,107.1428571,ILS,גוף/פרטי
google,חותם - יהדות על סדר היום,30/07/2023,187,500,71.42857143,ILS,גוף/פרטי
google,חותם - יהדות על סדר היום,10/09/2023,193,250,35.71428571,ILS,גוף/פרטי
google,חותם - יהדות על סדר היום,17/09/2023,194,500,71.42857143,ILS,גוף/פרטי
google,חותם - יהדות על סדר היום,19/11/2023,203,250,35.71428571,ILS,גוף/פרטי
google,חותם - יהדות על סדר היום,26/11/2023,204,250,35.71428571,ILS,גוף/פרטי
google,חותם - יהדות על סדר היום,03/12/2023,205,250,35.71428571,ILS,גוף/פרטי
google,חותם - יהדות על סדר היום,10/12/2023,206,3250,464.2857143,ILS,גוף/פרטי
google,חותם - יהדות על סדר היום,17/12/2023,207,1750,250,ILS,גוף/פרטי
google,חותם - יהדות על סדר היום,24/12/2023,208,1750,250,ILS,גוף/פרטי
google,חותם - יהדות על סדר היום,31/12/2023,209,500,71.42857143,ILS,גוף/פרטי
google,חותם - יהדות על סדר היום,07/01/2024,210,750,107.1428571,ILS,גוף/פרטי
google,חותם - יהדות על סדר היום,14/01/2024,211,1000,142.8571429,ILS,גוף/פרטי
google,חותם - יהדות על סדר היום,21/01/2024,212,250,35.71428571,ILS,גוף/פרטי
google,חותם - יהדות על סדר היום,04/02/2024,214,250,35.71428571,ILS,גוף/פרטי
google,חותם - יהדות על סדר היום,11/02/2024,215,250,35.71428571,ILS,גוף/פרטי
google,חותם - יהדות על סדר היום,18/02/2024,216,1750,250,ILS,גוף/פרטי
google,חותם - יהדות על סדר היום,25/02/2024,217,1500,214.2857143,ILS,גוף/פרטי
google,חותם - יהדות על סדר היום,03/03/2024,218,250,35.71428571,ILS,גוף/פרטי
google,חותם - יהדות על סדר היום,10/03/2024,219,1750,250,ILS,גוף/פרטי
google,חותם - יהדות על סדר היום,17/03/2024,220,1500,214.2857143,ILS,גוף/פרטי
google,חותם - יהדות על סדר היום,24/03/2024,221,1250,178.5714286,ILS,גוף/פרטי
google,חותם - יהדות על סדר היום,31/03/2024,222,3500,500,ILS,גוף/פרטי
google,חותם - יהדות על סדר היום,07/04/2024,223,3500,500,ILS,גוף/פרטי
google,חותם - יהדות על סדר היום,14/04/2024,224,750,107.1428571,ILS,גוף/פרטי
google,חותם - יהדות על סדר היום,21/04/2024,225,750,107.1428571,ILS,גוף/פרטי
google,חותם - יהדות על סדר היום,05/05/2024,227,750,107.1428571,ILS,גוף/פרטי
google,חותם - יהדות על סדר היום,12/05/2024,228,4500,642.8571429,ILS,גוף/פרטי
google,חותם - יהדות על סדר היום,19/05/2024,229,1750,250,ILS,גוף/פרטי
google,חותם - יהדות על סדר היום,02/06/2024,231,1000,142.8571429,ILS,גוף/פרטי
google,חותם - יהדות על סדר היום,09/06/2024,232,1000,142.8571429,ILS,גוף/פרטי
google,חותם - יהדות על סדר היום,07/07/2024,236,1500,214.2857143,ILS,גוף/פרטי
google,חותם - יהדות על סדר היום,14/07/2024,237,750,107.1428571,ILS,גוף/פרטי
google,חותם - יהדות על סדר היום,21/07/2024,238,1000,142.8571429,ILS,גוף/פרטי
google,חותם - יהדות על סדר היום,28/07/2024,239,1000,142.8571429,ILS,גוף/פרטי
google,חותם - יהדות על סדר היום,04/08/2024,240,1000,142.8571429,ILS,גוף/פרטי
google,חותם - יהדות על סדר היום,11/08/2024,241,750,107.1428571,ILS,גוף/פרטי
google,חותם - יהדות על סדר היום,18/08/2024,242,750,107.1428571,ILS,גוף/פרטי
google,חותם - יהדות על סדר היום,01/09/2024,244,3750,535.7142857,ILS,גוף/פרטי
google,חותם - יהדות על סדר היום,08/09/2024,245,2500,357.1428571,ILS,גוף/פרטי
google,חותם - יהדות על סדר היום,22/09/2024,247,2500,357.1428571,ILS,גוף/פרטי
google,חותם - יהדות על סדר היום,29/09/2024,248,250,35.71428571,ILS,גוף/פרטי
google,חותם - יהדות על סדר היום,06/10/2024,249,1000,142.8571429,ILS,גוף/פרטי
google,חותם - יהדות על סדר היום,13/10/2024,250,500,71.42857143,ILS,גוף/פרטי
google,חותם - יהדות על סדר היום,20/10/2024,251,250,35.71428571,ILS,גוף/פרטי
google,חותם - יהדות על סדר היום,17/11/2024,255,500,71.42857143,ILS,גוף/פרטי
google,חותם - יהדות על סדר היום,24/11/2024,256,250,35.71428571,ILS,גוף/פרטי
google,חותם - יהדות על סדר היום,01/12/2024,257,3500,500,ILS,גוף/פרטי
google,חותם - יהדות על סדר היום,08/12/2024,258,2250,321.4285714,ILS,גוף/פרטי
google,חותם - יהדות על סדר היום,22/12/2024,260,4000,571.4285714,ILS,גוף/פרטי
google,חותם - יהדות על סדר היום,29/12/2024,261,4500,642.8571429,ILS,גוף/פרטי
google,חותם - יהדות על סדר היום,05/01/2025,262,1250,178.5714286,ILS,גוף/פרטי
google,חותם - יהדות על סדר היום,09/02/2025,267,2500,357.1428571,ILS,גוף/פרטי
google,חותם - יהדות על סדר היום,16/02/2025,268,250,35.71428571,ILS,גוף/פרטי
google,חותם - יהדות על סדר היום,23/02/2025,269,750,107.1428571,ILS,גוף/פרטי
google,חותם - יהדות על סדר היום,09/03/2025,271,4500,642.8571429,ILS,גוף/פרטי
google,חותם - יהדות על סדר היום,16/03/2025,272,1000,142.8571429,ILS,גוף/פרטי
google,חותם - יהדות על סדר היום,23/03/2025,273,3750,535.7142857,ILS,גוף/פרטי
google,חותם - יהדות על סדר היום,30/03/2025,274,3000,428.5714286,ILS,גוף/פרטי
google,חותם - יהדות על סדר היום,06/04/2025,275,3000,428.5714286,ILS,גוף/פרטי
google,חותם - יהדות על סדר היום,20/04/2025,277,2000,285.7142857,ILS,גוף/פרטי
google,חותם - יהדות על סדר היום,27/04/2025,278,3000,428.5714286,ILS,גוף/פרטי
google,חותם - יהדות על סדר היום,04/05/2025,279,1750,250,ILS,גוף/פרטי
google,חותם - יהדות על סדר היום,11/05/2025,280,2500,357.1428571,ILS,גוף/פרטי
google,חותם - יהדות על סדר היום,18/05/2025,281,3000,428.5714286,ILS,גוף/פרטי
google,חותם - יהדות על סדר היום,25/05/2025,282,4000,571.4285714,ILS,גוף/פרטי
google,חותם - יהדות על סדר היום,01/06/2025,283,750,107.1428571,ILS,גוף/פרטי
google,חותם - יהדות על סדר היום,15/06/2025,285,500,71.42857143,ILS,גוף/פרטי
google,חותם - יהדות על סדר היום,22/06/2025,286,2500,357.1428571,ILS,גוף/פרטי
google,חותם - יהדות על סדר היום,29/06/2025,287,3750,535.7142857,ILS,גוף/פרטי
google,חותם - יהדות על סדר היום,06/07/2025,288,2750,392.8571429,ILS,גוף/פרטי
google,חותם - יהדות על סדר היום,13/07/2025,289,3250,464.2857143,ILS,גוף/פרטי
google,חותם - יהדות על סדר היום,20/07/2025,290,1750,250,ILS,גוף/פרטי
google,חותם - יהדות על סדר היום,27/07/2025,291,1000,142.8571429,ILS,גוף/פרטי
google,חותם - יהדות על סדר היום,03/08/2025,292,1500,214.2857143,ILS,גוף/פרטי
google,חותם - יהדות על סדר היום,10/08/2025,293,750,107.1428571,ILS,גוף/פרטי
google,חותם - יהדות על סדר היום,17/08/2025,294,2500,357.1428571,ILS,גוף/פרטי
google,חותם - יהדות על סדר היום,24/08/2025,295,750,107.1428571,ILS,גוף/פרטי
google,חותם - יהדות על סדר היום,31/08/2025,296,2250,321.4285714,ILS,גוף/פרטי
google,חותם - יהדות על סדר היום,14/09/2025,298,3000,428.5714286,ILS,גוף/פרטי
google,חותם - יהדות על סדר היום,21/09/2025,299,500,71.42857143,ILS,גוף/פרטי
google,חותם - יהדות על סדר היום,28/09/2025,300,1500,214.2857143,ILS,גוף/פרטי
google,חותם - יהדות על סדר היום,12/10/2025,302,4500,642.8571429,ILS,גוף/פרטי
google,חותם - יהדות על סדר היום,26/10/2025,304,250,35.71428571,ILS,גוף/פרטי
google,חותם - יהדות על סדר היום,02/11/2025,305,1000,142.8571429,ILS,גוף/פרטי
google,חותם - יהדות על סדר היום,16/11/2025,307,1500,214.2857143,ILS,גוף/פרטי
google,חזית יהודית לאומית,04/09/2022,140,250,35.71428571,ILS,מפלגה
google,חזית יהודית לאומית,11/09/2022,141,2750,392.8571429,ILS,מפלגה
google,חזית יהודית לאומית,18/09/2022,142,5250,750,ILS,מפלגה
google,חזית יהודית לאומית,25/09/2022,143,2750,392.8571429,ILS,מפלגה
google,חזית יהודית לאומית,02/10/2022,144,2500,357.1428571,ILS,מפלגה
google,חזית יהודית לאומית,09/10/2022,145,5500,785.7142857,ILS,מפלגה
google,חזית יהודית לאומית,16/10/2022,146,17750,2535.714286,ILS,מפלגה
google,חזית יהודית לאומית,23/10/2022,147,32500,4642.857143,ILS,מפלגה
google,חזית יהודית לאומית,30/10/2022,148,6000,857.1428571,ILS,מפלגה
google,חזית יהודית לאומית,05/03/2023,166,1000,142.8571429,ILS,מפלגה
google,חזית יהודית לאומית,12/03/2023,167,750,107.1428571,ILS,מפלגה
google,חזית יהודית לאומית,26/03/2023,169,1000,142.8571429,ILS,מפלגה
google,חזית יהודית לאומית,11/02/2024,215,1500,214.2857143,ILS,מפלגה
google,חזית יהודית לאומית,18/02/2024,216,250,35.71428571,ILS,מפלגה
google,חזית יהודית לאומית,25/02/2024,217,9250,1321.428571,ILS,מפלגה
google,חזית יהודית לאומית,30/06/2024,235,2250,321.4285714,ILS,מפלגה
google,חזית יהודית לאומית,07/07/2024,236,1250,178.5714286,ILS,מפלגה
google,חזית יהודית לאומית,06/10/2024,249,1250,178.5714286,ILS,מפלגה
google,חזית יהודית לאומית,13/10/2024,250,750,107.1428571,ILS,מפלגה
google,חזית יהודית לאומית,20/04/2025,277,2500,357.1428571,ILS,מפלגה
google,חזית יהודית לאומית,27/04/2025,278,500,71.42857143,ILS,מפלגה
google,יש עתיד - בראשות יאיר לפיד,07/02/2021,58,750,107.1428571,ILS,מפלגה
google,יש עתיד - בראשות יאיר לפיד,14/02/2021,59,1500,214.2857143,ILS,מפלגה
google,יש עתיד - בראשות יאיר לפיד,21/02/2021,60,5250,750,ILS,מפלגה
google,יש עתיד - בראשות יאיר לפיד,28/02/2021,61,135000,19285.71429,ILS,מפלגה
google,יש עתיד - בראשות יאיר לפיד,07/03/2021,62,238500,34071.42857,ILS,מפלגה
google,יש עתיד - בראשות יאיר לפיד,14/03/2021,63,350750,50107.14286,ILS,מפלגה
google,יש עתיד - בראשות יאיר לפיד,21/03/2021,64,37250,5321.428571,ILS,מפלגה
google,יש עתיד - בראשות יאיר לפיד,21/08/2022,138,1250,178.5714286,ILS,מפלגה
google,יש עתיד - בראשות יאיר לפיד,28/08/2022,139,10500,1500,ILS,מפלגה
google,יש עתיד - בראשות יאיר לפיד,04/09/2022,140,10250,1464.285714,ILS,מפלגה
google,יש עתיד - בראשות יאיר לפיד,11/09/2022,141,50250,7178.571429,ILS,מפלגה
google,יש עתיד - בראשות יאיר לפיד,18/09/2022,142,100250,14321.42857,ILS,מפלגה
google,יש עתיד - בראשות יאיר לפיד,25/09/2022,143,30000,4285.714286,ILS,מפלגה
google,יש עתיד - בראשות יאיר לפיד,02/10/2022,144,37750,5392.857143,ILS,מפלגה
google,יש עתיד - בראשות יאיר לפיד,09/10/2022,145,87500,12500,ILS,מפלגה
google,יש עתיד - בראשות יאיר לפיד,16/10/2022,146,41750,5964.285714,ILS,מפלגה
google,יש עתיד - בראשות יאיר לפיד,23/10/2022,147,62750,8964.285714,ILS,מפלגה
google,יש עתיד - בראשות יאיר לפיד,30/10/2022,148,7500,1071.428571,ILS,מפלגה
google,יש עתיד - בראשות יאיר לפיד,04/12/2022,153,250,35.71428571,ILS,מפלגה
google,יש עתיד - בראשות יאיר לפיד,08/10/2023,197,250,35.71428571,ILS,מפלגה
google,יש עתיד - בראשות יאיר לפיד,11/02/2024,215,2000,285.7142857,ILS,מפלגה
google,יש עתיד - בראשות יאיר לפיד,18/02/2024,216,2000,285.7142857,ILS,מפלגה
google,יש עתיד - בראשות יאיר לפיד,25/02/2024,217,5250,750,ILS,מפלגה
google,יש עתיד - בראשות יאיר לפיד,07/07/2024,236,250,35.71428571,ILS,מפלגה
google,יש עתיד - בראשות יאיר לפיד,14/07/2024,237,250,35.71428571,ILS,מפלגה
google,יש עתיד - בראשות יאיר לפיד,10/11/2024,254,500,71.42857143,ILS,מפלגה
google,יש עתיד - בראשות יאיר לפיד,17/11/2024,255,1250,178.5714286,ILS,מפלגה
google,יש עתיד - בראשות יאיר לפיד,24/11/2024,256,6500,928.5714286,ILS,מפלגה
google,יש עתיד - בראשות יאיר לפיד,01/12/2024,257,2250,321.4285714,ILS,מפלגה
google,יש עתיד - בראשות יאיר לפיד,08/12/2024,258,3250,464.2857143,ILS,מפלגה
google,יש עתיד - בראשות יאיר לפיד,15/12/2024,259,3250,464.2857143,ILS,מפלגה
google,יש עתיד - בראשות יאיר לפיד,22/12/2024,260,6250,892.8571429,ILS,מפלגה
google,יש עתיד - בראשות יאיר לפיד,29/12/2024,261,2500,357.1428571,ILS,מפלגה
google,יש עתיד - בראשות יאיר לפיד,05/01/2025,262,3250,464.2857143,ILS,מפלגה
google,יש עתיד - בראשות יאיר לפיד,12/01/2025,263,4250,607.1428571,ILS,מפלגה
google,יש עתיד - בראשות יאיר לפיד,19/01/2025,264,250,35.71428571,ILS,מפלגה
google,יש עתיד - בראשות יאיר לפיד,26/01/2025,265,7750,1107.142857,ILS,מפלגה
google,יש עתיד - בראשות יאיר לפיד,02/02/2025,266,250,35.71428571,ILS,מפלגה
google,יש עתיד - בראשות יאיר לפיד,09/02/2025,267,250,35.71428571,ILS,מפלגה
google,יש עתיד - בראשות יאיר לפיד,16/02/2025,268,250,35.71428571,ILS,מפלגה
google,יש עתיד - בראשות יאיר לפיד,02/03/2025,270,250,35.71428571,ILS,מפלגה
google,יש עתיד - בראשות יאיר לפיד,09/03/2025,271,250,35.71428571,ILS,מפלגה
google,יש עתיד - בראשות יאיר לפיד,16/03/2025,272,250,35.71428571,ILS,מפלגה
google,יש עתיד - בראשות יאיר לפיד,06/04/2025,275,250,35.71428571,ILS,מפלגה
google,יש עתיד - בראשות יאיר לפיד,13/04/2025,276,250,35.71428571,ILS,מפלגה
google,יש עתיד - בראשות יאיר לפיד,20/04/2025,277,750,107.1428571,ILS,מפלגה
google,יש עתיד - בראשות יאיר לפיד,04/05/2025,279,250,35.71428571,ILS,מפלגה
google,יש עתיד - בראשות יאיר לפיד,11/05/2025,280,250,35.71428571,ILS,מפלגה
google,יש עתיד - בראשות יאיר לפיד,18/05/2025,281,250,35.71428571,ILS,מפלגה
google,יש עתיד - בראשות יאיר לפיד,25/05/2025,282,250,35.71428571,ILS,מפלגה
google,יש עתיד - בראשות יאיר לפיד,08/06/2025,284,250,35.71428571,ILS,מפלגה
google,יש עתיד - בראשות יאיר לפיד,15/06/2025,285,500,71.42857143,ILS,מפלגה
google,יש עתיד - בראשות יאיר לפיד,22/06/2025,286,250,35.71428571,ILS,מפלגה
google,יש עתיד - בראשות יאיר לפיד,29/06/2025,287,250,35.71428571,ILS,מפלגה
google,יש עתיד - בראשות יאיר לפיד,06/07/2025,288,250,35.71428571,ILS,מפלגה
google,יש עתיד - בראשות יאיר לפיד,13/07/2025,289,250,35.71428571,ILS,מפלגה
google,יש עתיד - בראשות יאיר לפיד,20/07/2025,290,250,35.71428571,ILS,מפלגה
google,יש עתיד - בראשות יאיר לפיד,27/07/2025,291,250,35.71428571,ILS,מפלגה
google,יש עתיד - בראשות יאיר לפיד,03/08/2025,292,250,35.71428571,ILS,מפלגה
google,יש עתיד - בראשות יאיר לפיד,17/08/2025,294,250,35.71428571,ILS,מפלגה
google,יש עתיד - בראשות יאיר לפיד,07/09/2025,297,250,35.71428571,ILS,מפלגה
google,יש עתיד - בראשות יאיר לפיד,14/09/2025,298,250,35.71428571,ILS,מפלגה
google,יש עתיד - בראשות יאיר לפיד,12/10/2025,302,500,71.42857143,ILS,מפלגה
google,יש עתיד - בראשות יאיר לפיד,19/10/2025,303,250,35.71428571,ILS,מפלגה
google,יש עתיד - בראשות יאיר לפיד,26/10/2025,304,250,35.71428571,ILS,מפלגה
google,יש עתיד - בראשות יאיר לפיד,02/11/2025,305,250,35.71428571,ILS,מפלגה
google,יש עתיד - בראשות יאיר לפיד,09/11/2025,306,250,35.71428571,ILS,מפלגה
google,יש עתיד - בראשות יאיר לפיד,16/11/2025,307,250,35.71428571,ILS,מפלגה
google,יש עתיד - בראשות יאיר לפיד,23/11/2025,308,250,35.71428571,ILS,מפלגה
google,יש עתיד - בראשות יאיר לפיד,30/11/2025,309,250,35.71428571,ILS,מפלגה
google,יש עתיד - בראשות יאיר לפיד,07/12/2025,310,250,35.71428571,ILS,מפלגה
google,יש עתיד - בראשות יאיר לפיד,14/12/2025,311,250,35.71428571,ILS,מפלגה
google,ישראל ביתנו,07/06/2020,23,2000,285.7142857,ILS,מפלגה
google,ישראל ביתנו,19/07/2020,29,4000,571.4285714,ILS,מפלגה
google,ישראל ביתנו,26/07/2020,30,250,35.71428571,ILS,מפלגה
google,ישראל ביתנו,09/08/2020,32,250,35.71428571,ILS,מפלגה
google,ישראל ביתנו,13/09/2020,37,500,71.42857143,ILS,מפלגה
google,ישראל ביתנו,20/09/2020,38,500,71.42857143,ILS,מפלגה
google,ישראל ביתנו,25/10/2020,43,250,35.71428571,ILS,מפלגה
google,ישראל ביתנו,01/11/2020,44,250,35.71428571,ILS,מפלגה
google,ישראל ביתנו,08/11/2020,45,250,35.71428571,ILS,מפלגה
google,ישראל ביתנו,15/11/2020,46,250,35.71428571,ILS,מפלגה
google,ישראל ביתנו,22/11/2020,47,250,35.71428571,ILS,מפלגה
google,ישראל ביתנו,29/11/2020,48,250,35.71428571,ILS,מפלגה
google,ישראל ביתנו,06/12/2020,49,250,35.71428571,ILS,מפלגה
google,ישראל ביתנו,13/12/2020,50,500,71.42857143,ILS,מפלגה
google,ישראל ביתנו,20/12/2020,51,500,71.42857143,ILS,מפלגה
google,ישראל ביתנו,27/12/2020,52,1500,214.2857143,ILS,מפלגה
google,ישראל ביתנו,03/01/2021,53,750,107.1428571,ILS,מפלגה
google,ישראל ביתנו,10/01/2021,54,2250,321.4285714,ILS,מפלגה
google,ישראל ביתנו,17/01/2021,55,3000,428.5714286,ILS,מפלגה
google,ישראל ביתנו,24/01/2021,56,8750,1250,ILS,מפלגה
google,ישראל ביתנו,31/01/2021,57,8250,1178.571429,ILS,מפלגה
google,ישראל ביתנו,07/02/2021,58,7750,1107.142857,ILS,מפלגה
google,ישראל ביתנו,14/02/2021,59,12250,1750,ILS,מפלגה
google,ישראל ביתנו,21/02/2021,60,10000,1428.571429,ILS,מפלגה
google,ישראל ביתנו,28/02/2021,61,11500,1642.857143,ILS,מפלגה
google,ישראל ביתנו,07/03/2021,62,7750,1107.142857,ILS,מפלגה
google,ישראל ביתנו,14/03/2021,63,4000,571.4285714,ILS,מפלגה
google,ישראל ביתנו,21/03/2021,64,2250,321.4285714,ILS,מפלגה
google,ישראל ביתנו,28/08/2022,139,250,35.71428571,ILS,מפלגה
google,ישראל ביתנו,04/09/2022,140,1000,142.8571429,ILS,מפלגה
google,ישראל ביתנו,11/09/2022,141,3500,500,ILS,מפלגה
google,ישראל ביתנו,18/09/2022,142,3250,464.2857143,ILS,מפלגה
google,ישראל ביתנו,25/09/2022,143,3500,500,ILS,מפלגה
google,ישראל ביתנו,02/10/2022,144,4000,571.4285714,ILS,מפלגה
google,ישראל ביתנו,09/10/2022,145,6000,857.1428571,ILS,מפלגה
google,ישראל ביתנו,16/10/2022,146,6500,928.5714286,ILS,מפלגה
google,ישראל ביתנו,23/10/2022,147,30500,4357.142857,ILS,מפלגה
google,ישראל ביתנו,30/10/2022,148,17000,2428.571429,ILS,מפלגה
google,ישראל ביתנו,30/04/2023,174,500,71.42857143,ILS,מפלגה
google,ישראל ביתנו,07/05/2023,175,3000,428.5714286,ILS,מפלגה
google,ישראל ביתנו,14/05/2023,176,3500,500,ILS,מפלגה
google,ישראל ביתנו,21/05/2023,177,2500,357.1428571,ILS,מפלגה
google,ישראל ביתנו,28/05/2023,178,1250,178.5714286,ILS,מפלגה
google,ישראל ביתנו,04/06/2023,179,1500,214.2857143,ILS,מפלגה
google,ישראל ביתנו,11/06/2023,180,2250,321.4285714,ILS,מפלגה
google,ישראל ביתנו,18/06/2023,181,1500,214.2857143,ILS,מפלגה
google,ישראל ביתנו,25/06/2023,182,750,107.1428571,ILS,מפלגה
google,ישראל ביתנו,02/07/2023,183,750,107.1428571,ILS,מפלגה
google,ישראל ביתנו,09/07/2023,184,750,107.1428571,ILS,מפלגה
google,ישראל ביתנו,16/07/2023,185,1000,142.8571429,ILS,מפלגה
google,ישראל ביתנו,23/07/2023,186,1000,142.8571429,ILS,מפלגה
google,ישראל ביתנו,30/07/2023,187,1000,142.8571429,ILS,מפלגה
google,ישראל ביתנו,06/08/2023,188,1000,142.8571429,ILS,מפלגה
google,ישראל ביתנו,13/08/2023,189,1000,142.8571429,ILS,מפלגה
google,ישראל ביתנו,20/08/2023,190,1000,142.8571429,ILS,מפלגה
google,ישראל ביתנו,27/08/2023,191,750,107.1428571,ILS,מפלגה
google,ישראל ביתנו,03/09/2023,192,1000,142.8571429,ILS,מפלגה
google,ישראל ביתנו,10/09/2023,193,1000,142.8571429,ILS,מפלגה
google,ישראל ביתנו,17/09/2023,194,1000,142.8571429,ILS,מפלגה
google,ישראל ביתנו,24/09/2023,195,1000,142.8571429,ILS,מפלגה
google,ישראל ביתנו,01/10/2023,196,1000,142.8571429,ILS,מפלגה
google,ישראל ביתנו,08/10/2023,197,500,71.42857143,ILS,מפלגה
google,ישראל ביתנו,05/11/2023,201,1500,214.2857143,ILS,מפלגה
google,ישראל ביתנו,12/11/2023,202,500,71.42857143,ILS,מפלגה
google,ישראל ביתנו,19/11/2023,203,250,35.71428571,ILS,מפלגה
google,ישראל ביתנו,03/12/2023,205,250,35.71428571,ILS,מפלגה
google,ישראל ביתנו,10/12/2023,206,250,35.71428571,ILS,מפלגה
google,ישראל ביתנו,17/12/2023,207,250,35.71428571,ILS,מפלגה
google,ישראל ביתנו,24/12/2023,208,250,35.71428571,ILS,מפלגה
google,ישראל ביתנו,31/12/2023,209,250,35.71428571,ILS,מפלגה
google,ישראל ביתנו,14/01/2024,211,250,35.71428571,ILS,מפלגה
google,ישראל ביתנו,21/01/2024,212,250,35.71428571,ILS,מפלגה
google,ישראל ביתנו,03/03/2024,218,250,35.71428571,ILS,מפלגה
google,ישראל ביתנו,10/03/2024,219,250,35.71428571,ILS,מפלגה
google,ישראל ביתנו,17/03/2024,220,250,35.71428571,ILS,מפלגה
google,ישראל ביתנו,24/03/2024,221,250,35.71428571,ILS,מפלגה
google,ישראל ביתנו,07/04/2024,223,500,71.42857143,ILS,מפלגה
google,ישראל ביתנו,14/04/2024,224,750,107.1428571,ILS,מפלגה
google,ישראל ביתנו,21/04/2024,225,250,35.71428571,ILS,מפלגה
google,ישראל ביתנו,28/04/2024,226,250,35.71428571,ILS,מפלגה
google,ישראל ביתנו,05/05/2024,227,1250,178.5714286,ILS,מפלגה
google,ישראל ביתנו,12/05/2024,228,500,71.42857143,ILS,מפלגה
google,ישראל ביתנו,19/05/2024,229,1250,178.5714286,ILS,מפלגה
google,ישראל ביתנו,26/05/2024,230,500,71.42857143,ILS,מפלגה
google,ישראל ביתנו,02/06/2024,231,1000,142.8571429,ILS,מפלגה
google,ישראל ביתנו,09/06/2024,232,750,107.1428571,ILS,מפלגה
google,ישראל ביתנו,16/06/2024,233,1000,142.8571429,ILS,מפלגה
google,ישראל ביתנו,23/06/2024,234,750,107.1428571,ILS,מפלגה
google,ישראל ביתנו,07/07/2024,236,1750,250,ILS,מפלגה
google,ישראל ביתנו,14/07/2024,237,1500,214.2857143,ILS,מפלגה
google,ישראל ביתנו,21/07/2024,238,1500,214.2857143,ILS,מפלגה
google,ישראל ביתנו,28/07/2024,239,1500,214.2857143,ILS,מפלגה
google,ישראל ביתנו,04/08/2024,240,1500,214.2857143,ILS,מפלגה
google,ישראל ביתנו,11/08/2024,241,1250,178.5714286,ILS,מפלגה
google,ישראל ביתנו,18/08/2024,242,750,107.1428571,ILS,מפלגה
google,ישראל ביתנו,25/08/2024,243,1000,142.8571429,ILS,מפלגה
google,ישראל ביתנו,01/09/2024,244,1250,178.5714286,ILS,מפלגה
google,ישראל ביתנו,08/09/2024,245,1000,142.8571429,ILS,מפלגה
google,ישראל ביתנו,15/09/2024,246,500,71.42857143,ILS,מפלגה
google,ישראל ביתנו,22/09/2024,247,250,35.71428571,ILS,מפלגה
google,ישראל ביתנו,29/09/2024,248,750,107.1428571,ILS,מפלגה
google,ישראל ביתנו,06/10/2024,249,500,71.42857143,ILS,מפלגה
google,ישראל ביתנו,13/10/2024,250,1000,142.8571429,ILS,מפלגה
google,ישראל ביתנו,20/10/2024,251,250,35.71428571,ILS,מפלגה
google,ישראל ביתנו,27/10/2024,252,250,35.71428571,ILS,מפלגה
google,ישראל ביתנו,03/11/2024,253,500,71.42857143,ILS,מפלגה
google,ישראל ביתנו,10/11/2024,254,1000,142.8571429,ILS,מפלגה
google,ישראל ביתנו,17/11/2024,255,750,107.1428571,ILS,מפלגה
google,ישראל ביתנו,24/11/2024,256,500,71.42857143,ILS,מפלגה
google,ישראל ביתנו,01/12/2024,257,250,35.71428571,ILS,מפלגה
google,ישראל ביתנו,08/12/2024,258,250,35.71428571,ILS,מפלגה
google,ישראל ביתנו,22/12/2024,260,500,71.42857143,ILS,מפלגה
google,ישראל ביתנו,29/12/2024,261,500,71.42857143,ILS,מפלגה
google,ישראל ביתנו,05/01/2025,262,500,71.42857143,ILS,מפלגה
google,ישראל ביתנו,12/01/2025,263,250,35.71428571,ILS,מפלגה
google,ישראל ביתנו,19/01/2025,264,250,35.71428571,ILS,מפלגה
google,ישראל ביתנו,26/01/2025,265,750,107.1428571,ILS,מפלגה
google,ישראל ביתנו,02/02/2025,266,750,107.1428571,ILS,מפלגה
google,ישראל ביתנו,09/02/2025,267,750,107.1428571,ILS,מפלגה
google,ישראל ביתנו,16/02/2025,268,750,107.1428571,ILS,מפלגה
google,ישראל ביתנו,23/02/2025,269,500,71.42857143,ILS,מפלגה
google,ישראל ביתנו,02/03/2025,270,750,107.1428571,ILS,מפלגה
google,ישראל ביתנו,09/03/2025,271,250,35.71428571,ILS,מפלגה
google,ישראל ביתנו,16/03/2025,272,250,35.71428571,ILS,מפלגה
google,ישראל ביתנו,23/03/2025,273,500,71.42857143,ILS,מפלגה
google,ישראל ביתנו,06/04/2025,275,250,35.71428571,ILS,מפלגה
google,ישראל ביתנו,13/04/2025,276,250,35.71428571,ILS,מפלגה
google,ישראל ביתנו,20/04/2025,277,250,35.71428571,ILS,מפלגה
google,ישראל ביתנו,04/05/2025,279,250,35.71428571,ILS,מפלגה
google,ישראל ביתנו,11/05/2025,280,250,35.71428571,ILS,מפלגה
google,ישראל ביתנו,18/05/2025,281,250,35.71428571,ILS,מפלגה
google,ישראל ביתנו,25/05/2025,282,250,35.71428571,ILS,מפלגה
google,ישראל ביתנו,01/06/2025,283,500,71.42857143,ILS,מפלגה
google,ישראל ביתנו,08/06/2025,284,500,71.42857143,ILS,מפלגה
google,ישראל ביתנו,15/06/2025,285,250,35.71428571,ILS,מפלגה
google,ישראל ביתנו,29/06/2025,287,250,35.71428571,ILS,מפלגה
google,ישראל ביתנו,06/07/2025,288,250,35.71428571,ILS,מפלגה
google,ישראל ביתנו,20/07/2025,290,500,71.42857143,ILS,מפלגה
google,ישראל ביתנו,03/08/2025,292,250,35.71428571,ILS,מפלגה
google,ישראל ביתנו,10/08/2025,293,250,35.71428571,ILS,מפלגה
google,ישראל ביתנו,24/08/2025,295,500,71.42857143,ILS,מפלגה
google,ישראל ביתנו,31/08/2025,296,500,71.42857143,ILS,מפלגה
google,ישראל ביתנו,09/11/2025,306,250,35.71428571,ILS,מפלגה
google,ישראל ביתנו,16/11/2025,307,1250,178.5714286,ILS,מפלגה
google,ישראל ביתנו,23/11/2025,308,750,107.1428571,ILS,מפלגה
google,ישראל ביתנו,30/11/2025,309,250,35.71428571,ILS,מפלגה
google,ישראל ביתנו,07/12/2025,310,250,35.71428571,ILS,מפלגה
google,לירון רוז,08/09/2024,245,500,71.42857143,ILS,גוף/פרטי
google,לירון רוז,15/09/2024,246,250,35.71428571,ILS,גוף/פרטי
google,לירון רוז,01/06/2025,283,250,35.71428571,ILS,גוף/פרטי
google,לירון רוז,08/06/2025,284,750,107.1428571,ILS,גוף/פרטי
google,לירון רוז,15/06/2025,285,750,107.1428571,ILS,גוף/פרטי
google,לירון רוז,22/06/2025,286,750,107.1428571,ILS,גוף/פרטי
google,לירון רוז,29/06/2025,287,750,107.1428571,ILS,גוף/פרטי
google,לירון רוז,06/07/2025,288,1000,142.8571429,ILS,גוף/פרטי
google,לירון רוז,13/07/2025,289,1000,142.8571429,ILS,גוף/פרטי
google,לירון רוז,20/07/2025,290,1000,142.8571429,ILS,גוף/פרטי
google,לירון רוז,27/07/2025,291,1000,142.8571429,ILS,גוף/פרטי
google,לירון רוז,03/08/2025,292,1500,214.2857143,ILS,גוף/פרטי
google,לירון רוז,10/08/2025,293,2000,285.7142857,ILS,גוף/פרטי
google,לירון רוז,17/08/2025,294,1500,214.2857143,ILS,גוף/פרטי
google,לירון רוז,24/08/2025,295,1250,178.5714286,ILS,גוף/פרטי
google,לירון רוז,31/08/2025,296,1000,142.8571429,ILS,גוף/פרטי
google,לירון רוז,07/09/2025,297,750,107.1428571,ILS,גוף/פרטי
google,לירון רוז,14/09/2025,298,750,107.1428571,ILS,גוף/פרטי
google,לירון רוז,21/09/2025,299,750,107.1428571,ILS,גוף/פרטי
google,לירון רוז,28/09/2025,300,1250,178.5714286,ILS,גוף/פרטי
google,לירון רוז,05/10/2025,301,1250,178.5714286,ILS,גוף/פרטי
google,לירון רוז,12/10/2025,302,1250,178.5714286,ILS,גוף/פרטי
google,לירון רוז,19/10/2025,303,1250,178.5714286,ILS,גוף/פרטי
google,לירון רוז,26/10/2025,304,1250,178.5714286,ILS,גוף/פרטי
google,לירון רוז,02/11/2025,305,1250,178.5714286,ILS,גוף/פרטי
google,לירון רוז,09/11/2025,306,1250,178.5714286,ILS,גוף/פרטי
google,לירון רוז,16/11/2025,307,1000,142.8571429,ILS,גוף/פרטי
google,לירון רוז,23/11/2025,308,1000,142.8571429,ILS,גוף/פרטי
google,לירון רוז,30/11/2025,309,1000,142.8571429,ILS,גוף/פרטי
google,לירון רוז,07/12/2025,310,750,107.1428571,ILS,גוף/פרטי
google,לירון רוז,14/12/2025,311,500,71.42857143,ILS,גוף/פרטי
google,"מד""ע- מפלגה דמוקרטית ערבית",24/01/2021,56,22250,3178.571429,ILS,מפלגה
google,"מד""ע- מפלגה דמוקרטית ערבית",31/01/2021,57,14500,2071.428571,ILS,מפלגה
google,מפלגת הליכוד,21/02/2021,60,31500,4500,ILS,מפלגה
google,מפלגת הליכוד,28/02/2021,61,62500,8928.571429,ILS,מפלגה
google,מפלגת הליכוד,28/08/2022,139,1000,142.8571429,ILS,מפלגה
google,מפלגת הליכוד,04/09/2022,140,10750,1535.714286,ILS,מפלגה
google,מפלגת הליכוד,11/09/2022,141,4250,607.1428571,ILS,מפלגה
google,מפלגת הליכוד,18/09/2022,142,2250,321.4285714,ILS,מפלגה
google,מפלגת הליכוד,25/09/2022,143,3750,535.7142857,ILS,מפלגה
google,מפלגת הליכוד,02/10/2022,144,2500,357.1428571,ILS,מפלגה
google,מפלגת הליכוד,09/10/2022,145,13250,1892.857143,ILS,מפלגה
google,מפלגת הליכוד,16/10/2022,146,6750,964.2857143,ILS,מפלגה
google,מפלגת הליכוד,23/10/2022,147,13500,1928.571429,ILS,מפלגה
google,מפלגת הליכוד,30/10/2022,148,15000,2142.857143,ILS,מפלגה
google,מפלגת העבודה,07/03/2021,62,15000,2142.857143,ILS,מפלגה
google,מפלגת העבודה,14/03/2021,63,11250,1607.142857,ILS,מפלגה
google,מפלגת העבודה,21/03/2021,64,2500,357.1428571,ILS,מפלגה
google,מפלגת העבודה,23/10/2022,147,19500,2785.714286,ILS,מפלגה
google,מפלגת העבודה,30/10/2022,148,44000,6285.714286,ILS,מפלגה
google,מפלגת לזוז,01/08/2021,83,250,35.71428571,ILS,מפלגה
google,מפלגת לזוז,22/08/2021,86,2000,285.7142857,ILS,מפלגה
google,מפלגת לזוז,29/08/2021,87,1000,142.8571429,ILS,מפלגה
google,מפלגת לזוז,05/09/2021,88,1000,142.8571429,ILS,מפלגה
google,מפלגת לזוז,12/09/2021,89,2500,357.1428571,ILS,מפלגה
google,מפלגת לזוז,19/09/2021,90,4500,642.8571429,ILS,מפלגה
google,מפלגת לזוז,26/09/2021,91,1000,142.8571429,ILS,מפלגה
google,מפלגת לזוז,03/10/2021,92,1500,214.2857143,ILS,מפלגה
google,מפלגת לזוז,10/10/2021,93,3000,428.5714286,ILS,מפלגה
google,מפלגת לזוז,17/10/2021,94,4750,678.5714286,ILS,מפלגה
google,מפלגת לזוז,24/10/2021,95,1750,250,ILS,מפלגה
google,מפלגת לזוז,31/10/2021,96,2000,285.7142857,ILS,מפלגה
google,מפלגת לזוז,07/11/2021,97,3750,535.7142857,ILS,מפלגה
google,מפלגת לזוז,14/11/2021,98,2750,392.8571429,ILS,מפלגה
google,מפלגת לזוז,21/11/2021,99,750,107.1428571,ILS,מפלגה
google,מפלגת לזוז,28/11/2021,100,500,71.42857143,ILS,מפלגה
google,מפלגת לזוז,05/12/2021,101,750,107.1428571,ILS,מפלגה
google,מפלגת לזוז,12/12/2021,102,750,107.1428571,ILS,מפלגה
google,מפלגת לזוז,19/12/2021,103,750,107.1428571,ILS,מפלגה
google,מפלגת לזוז,26/12/2021,104,750,107.1428571,ILS,מפלגה
google,מפלגת לזוז,02/01/2022,105,750,107.1428571,ILS,מפלגה
google,מפלגת לזוז,09/01/2022,106,750,107.1428571,ILS,מפלגה
google,מפלגת לזוז,16/01/2022,107,750,107.1428571,ILS,מפלגה
google,מפלגת לזוז,23/01/2022,108,750,107.1428571,ILS,מפלגה
google,מפלגת לזוז,30/01/2022,109,1000,142.8571429,ILS,מפלגה
google,מפלגת לזוז,06/02/2022,110,750,107.1428571,ILS,מפלגה
google,מפלגת לזוז,13/02/2022,111,1250,178.5714286,ILS,מפלגה
google,מפלגת לזוז,20/02/2022,112,1250,178.5714286,ILS,מפלגה
google,מפלגת לזוז,27/02/2022,113,1000,142.8571429,ILS,מפלגה
google,מפלגת לזוז,06/03/2022,114,750,107.1428571,ILS,מפלגה
google,מפלגת לזוז,13/03/2022,115,750,107.1428571,ILS,מפלגה
google,מפלגת לזוז,20/03/2022,116,750,107.1428571,ILS,מפלגה
google,מפלגת לזוז,27/03/2022,117,750,107.1428571,ILS,מפלגה
google,מפלגת לזוז,03/04/2022,118,250,35.71428571,ILS,מפלגה
google,מפלגת לזוז,01/05/2022,122,1000,142.8571429,ILS,מפלגה
google,מפלגת לזוז,08/05/2022,123,750,107.1428571,ILS,מפלגה
google,מפלגת לזוז,15/05/2022,124,2250,321.4285714,ILS,מפלגה
google,מפלגת לזוז,22/05/2022,125,500,71.42857143,ILS,מפלגה
google,מפלגת לזוז,29/05/2022,126,500,71.42857143,ILS,מפלגה
google,מפלגת לזוז,05/06/2022,127,250,35.71428571,ILS,מפלגה
google,מפלגת לזוז,12/06/2022,128,500,71.42857143,ILS,מפלגה
google,מפלגת לזוז,19/06/2022,129,250,35.71428571,ILS,מפלגה
google,מפלגת לזוז,26/06/2022,130,500,71.42857143,ILS,מפלגה
google,מפלגת לזוז,03/07/2022,131,500,71.42857143,ILS,מפלגה
google,מפלגת לזוז,10/07/2022,132,500,71.42857143,ILS,מפלגה
google,מפלגת לזוז,17/07/2022,133,500,71.42857143,ILS,מפלגה
google,מפלגת לזוז,24/07/2022,134,500,71.42857143,ILS,מפלגה
google,מפלגת לזוז,31/07/2022,135,500,71.42857143,ILS,מפלגה
google,מפלגת לזוז,07/08/2022,136,250,35.71428571,ILS,מפלגה
google,מפלגת לזוז,14/08/2022,137,250,35.71428571,ILS,מפלגה
google,מפלגת לזוז,21/08/2022,138,500,71.42857143,ILS,מפלגה
google,מפלגת לזוז,28/08/2022,139,500,71.42857143,ILS,מפלגה
google,מפלגת לזוז,04/09/2022,140,500,71.42857143,ILS,מפלגה
google,מפלגת לזוז,11/09/2022,141,500,71.42857143,ILS,מפלגה
google,מפלגת לזוז,18/09/2022,142,250,35.71428571,ILS,מפלגה
google,מפלגת לזוז,25/09/2022,143,250,35.71428571,ILS,מפלגה
google,מפלגת לזוז,02/10/2022,144,500,71.42857143,ILS,מפלגה
google,מפלגת לזוז,09/10/2022,145,500,71.42857143,ILS,מפלגה
google,מפלגת לזוז,16/10/2022,146,500,71.42857143,ILS,מפלגה
google,מפלגת לזוז,23/10/2022,147,500,71.42857143,ILS,מפלגה
google,מפלגת לזוז,30/10/2022,148,250,35.71428571,ILS,מפלגה
google,מפלגת לזוז,06/11/2022,149,250,35.71428571,ILS,מפלגה
google,מפלגת לזוז,27/11/2022,152,250,35.71428571,ILS,מפלגה
google,מפלגת לזוז,04/12/2022,153,1250,178.5714286,ILS,מפלגה
google,מפלגת לזוז,11/12/2022,154,1000,142.8571429,ILS,מפלגה
google,מפלגת לזוז,18/12/2022,155,1250,178.5714286,ILS,מפלגה
google,מפלגת לזוז,25/12/2022,156,1250,178.5714286,ILS,מפלגה
google,מפלגת לזוז,29/01/2023,161,250,35.71428571,ILS,מפלגה
google,מפלגת לזוז,05/02/2023,162,750,107.1428571,ILS,מפלגה
google,מפלגת לזוז,12/02/2023,163,250,35.71428571,ILS,מפלגה
google,מפלגת לזוז,19/02/2023,164,250,35.71428571,ILS,מפלגה
google,מפלגת לזוז,26/02/2023,165,250,35.71428571,ILS,מפלגה
google,מפלגת לזוז,05/03/2023,166,250,35.71428571,ILS,מפלגה
google,מפלגת לזוז,12/03/2023,167,250,35.71428571,ILS,מפלגה
google,מפלגת לזוז,19/03/2023,168,250,35.71428571,ILS,מפלגה
google,מפלגת מרצ,03/01/2021,53,250,35.71428571,ILS,מפלגה
google,מפלגת מרצ,10/01/2021,54,4000,571.4285714,ILS,מפלגה
google,מפלגת מרצ,17/01/2021,55,9750,1392.857143,ILS,מפלגה
google,מפלגת מרצ,24/01/2021,56,5750,821.4285714,ILS,מפלגה
google,מפלגת מרצ,31/01/2021,57,250,35.71428571,ILS,מפלגה
google,מפלגת מרצ,06/03/2022,114,4000,571.4285714,ILS,מפלגה
google,מפלגת מרצ,13/03/2022,115,10750,1535.714286,ILS,מפלגה
google,מפלגת מרצ,20/03/2022,116,8500,1214.285714,ILS,מפלגה
google,מפלגת מרצ,03/04/2022,118,1500,214.2857143,ILS,מפלגה
google,מפלגת מרצ,10/04/2022,119,9500,1357.142857,ILS,מפלגה
google,מפלגת מרצ,17/04/2022,120,20500,2928.571429,ILS,מפלגה
google,מפלגת מרצ,24/04/2022,121,50750,7250,ILS,מפלגה
google,מפלגת מרצ,07/08/2022,136,8000,1142.857143,ILS,מפלגה
google,מפלגת מרצ,14/08/2022,137,8750,1250,ILS,מפלגה
google,מפלגת מרצ,21/08/2022,138,1000,142.8571429,ILS,מפלגה
google,מפלגת מרצ,04/09/2022,140,5500,785.7142857,ILS,מפלגה
google,מפלגת מרצ,11/09/2022,141,5750,821.4285714,ILS,מפלגה
google,מפלגת מרצ,18/09/2022,142,18500,2642.857143,ILS,מפלגה
google,מפלגת מרצ,25/09/2022,143,15000,2142.857143,ILS,מפלגה
google,מפלגת מרצ,02/10/2022,144,8500,1214.285714,ILS,מפלגה
google,מפלגת מרצ,09/10/2022,145,13750,1964.285714,ILS,מפלגה
google,מפלגת מרצ,16/10/2022,146,7750,1107.142857,ILS,מפלגה
google,מפלגת מרצ,23/10/2022,147,36750,5250,ILS,מפלגה
google,מפלגת מרצ,30/10/2022,148,13750,1964.285714,ILS,מפלגה
google,מרצ,31/01/2021,57,19500,2785.714286,ILS,מפלגה
google,מרצ,07/02/2021,58,2250,321.4285714,ILS,מפלגה
google,מרצ,14/02/2021,59,12250,1750,ILS,מפלגה
google,מרצ,21/02/2021,60,8250,1178.571429,ILS,מפלגה
google,מרצ,28/02/2021,61,750,107.1428571,ILS,מפלגה
google,מרצ,07/03/2021,62,31750,4535.714286,ILS,מפלגה
google,מרצ,14/03/2021,63,69750,9964.285714,ILS,מפלגה
google,מרצ,21/03/2021,64,36000,5142.857143,ILS,מפלגה
google,מרצ,31/07/2022,135,56500,8071.428571,ILS,מפלגה
google,מרצ,07/08/2022,136,46500,6642.857143,ILS,מפלגה
google,מרצ,04/09/2022,140,27500,3928.571429,ILS,מפלגה
google,מרצ,25/09/2022,143,2750,392.8571429,ILS,מפלגה
google,מרצ,02/10/2022,144,31750,4535.714286,ILS,מפלגה
google,מרצ,09/10/2022,145,78250,11178.57143,ILS,מפלגה
google,מרצ,16/10/2022,146,39000,5571.428571,ILS,מפלגה
google,מרצ,23/10/2022,147,57750,8250,ILS,מפלגה
google,מרצ,30/10/2022,148,52250,7464.285714,ILS,מפלגה
google,מרצ,13/11/2022,150,250,35.71428571,ILS,מפלגה
google,מרצ,16/04/2023,172,1250,178.5714286,ILS,מפלגה
google,עוגנים בראשות ארנון בר דוד,20/02/2022,112,1250,178.5714286,ILS,גוף/פרטי
google,עוגנים בראשות ארנון בר דוד,27/02/2022,113,5500,785.7142857,ILS,גוף/פרטי
google,עוגנים בראשות ארנון בר דוד,27/03/2022,117,32000,4571.428571,ILS,גוף/פרטי
google,עוגנים בראשות ארנון בר דוד,03/04/2022,118,14250,2035.714286,ILS,גוף/פרטי
google,עוגנים בראשות ארנון בר דוד,10/04/2022,119,6000,857.1428571,ILS,גוף/פרטי
google,עוגנים בראשות ארנון בר דוד,24/04/2022,121,12500,1785.714286,ILS,גוף/פרטי
google,עוגנים בראשות ארנון בר דוד,01/05/2022,122,500,71.42857143,ILS,גוף/פרטי
google,עוגנים בראשות ארנון בר דוד,08/05/2022,123,32250,4607.142857,ILS,גוף/פרטי
google,עוגנים בראשות ארנון בר דוד,15/05/2022,124,20500,2928.571429,ILS,גוף/פרטי
google,עוגנים בראשות ארנון בר דוד,22/05/2022,125,31750,4535.714286,ILS,גוף/פרטי
google,"עתיד כחול לבן (ע""ר)",13/10/2024,250,10000,1428.571429,ILS,גוף/פרטי
google,"עתיד כחול לבן (ע""ר)",13/04/2025,276,250,35.71428571,ILS,גוף/פרטי
google,"עתיד כחול לבן (ע""ר)",20/04/2025,277,56250,8035.714286,ILS,גוף/פרטי
google,"עתיד כחול לבן (ע""ר)",27/04/2025,278,15500,2214.285714,ILS,גוף/פרטי
google,"עתיד כחול לבן (ע""ר)",04/05/2025,279,82250,11750,ILS,גוף/פרטי
google,"עתיד כחול לבן (ע""ר)",11/05/2025,280,71750,10250,ILS,גוף/פרטי
google,"עתיד כחול לבן (ע""ר)",18/05/2025,281,4750,678.5714286,ILS,גוף/פרטי
google,"עתיד כחול לבן (ע""ר)",22/06/2025,286,44500,6357.142857,ILS,גוף/פרטי
google,"עתיד כחול לבן (ע""ר)",29/06/2025,287,47250,6750,ILS,גוף/פרטי
google,"ש""ס התאחדות הספרדים העולמית שומרי תורה",18/09/2022,142,58500,8357.142857,ILS,מפלגה
google,"ש""ס התאחדות הספרדים העולמית שומרי תורה",25/09/2022,143,50750,7250,ILS,מפלגה
google,"ש""ס התאחדות הספרדים העולמית שומרי תורה",02/10/2022,144,81000,11571.42857,ILS,מפלגה
google,"ש""ס התאחדות הספרדים העולמית שומרי תורה",09/10/2022,145,85500,12214.28571,ILS,מפלגה
google,"ש""ס התאחדות הספרדים העולמית שומרי תורה",16/10/2022,146,195000,27857.14286,ILS,מפלגה
google,"ש""ס התאחדות הספרדים העולמית שומרי תורה",23/10/2022,147,415000,59285.71429,ILS,מפלגה
google,"ש""ס התאחדות הספרדים העולמית שומרי תורה",30/10/2022,148,203250,29035.71429,ILS,מפלגה
google,"ש""ס התאחדות הספרדים העולמית שומרי תורה",03/09/2023,192,250,35.71428571,ILS,מפלגה
google,"ש""ס התאחדות הספרדים העולמית שומרי תורה",10/09/2023,193,250,35.71428571,ILS,מפלגה
google,"ש""ס התאחדות הספרדים העולמית שומרי תורה",17/09/2023,194,2250,321.4285714,ILS,מפלגה
google,"ש""ס התאחדות הספרדים העולמית שומרי תורה",24/09/2023,195,250,35.71428571,ILS,מפלגה
google,"ש""ס התאחדות הספרדים העולמית שומרי תורה",04/02/2024,214,500,71.42857143,ILS,מפלגה
google,"ש""ס התאחדות הספרדים העולמית שומרי תורה",11/02/2024,215,750,107.1428571,ILS,מפלגה
google,"ש""ס התאחדות הספרדים העולמית שומרי תורה",18/02/2024,216,2250,321.4285714,ILS,מפלגה
google,"ש""ס התאחדות הספרדים העולמית שומרי תורה",25/02/2024,217,3500,500,ILS,מפלגה
google,שמואל טיקוצקי,24/07/2022,134,250,35.71428571,ILS,גוף/פרטי
google,שמואל טיקוצקי,31/07/2022,135,250,35.71428571,ILS,גוף/פרטי
google,שמואל טיקוצקי,07/08/2022,136,500,71.42857143,ILS,גוף/פרטי
google,שמואל טיקוצקי,14/08/2022,137,1000,142.8571429,ILS,גוף/פרטי
google,שמואל טיקוצקי,21/08/2022,138,1250,178.5714286,ILS,גוף/פרטי
google,שמואל טיקוצקי,28/08/2022,139,1500,214.2857143,ILS,גוף/פרטי
google,שמואל טיקוצקי,04/09/2022,140,1000,142.8571429,ILS,גוף/פרטי
google,שמואל טיקוצקי,11/09/2022,141,250,35.71428571,ILS,גוף/פרטי
google,שמואל טיקוצקי,18/09/2022,142,750,107.1428571,ILS,גוף/פרטי
google,שמואל טיקוצקי,25/09/2022,143,750,107.1428571,ILS,גוף/פרטי
google,שמואל טיקוצקי,02/10/2022,144,3500,500,ILS,גוף/פרטי
google,שמואל טיקוצקי,23/10/2022,147,500,71.42857143,ILS,גוף/פרטי
google,שמואל טיקוצקי,30/10/2022,148,5500,785.7142857,ILS,גוף/פרטי
google,שמואל טיקוצקי,06/11/2022,149,1000,142.8571429,ILS,גוף/פרטי
google,שמואל טיקוצקי,13/11/2022,150,750,107.1428571,ILS,גוף/פרטי
google,שמואל טיקוצקי,20/11/2022,151,250,35.71428571,ILS,גוף/פרטי
google,שמואל טיקוצקי,27/11/2022,152,250,35.71428571,ILS,גוף/פרטי
google,שמואל טיקוצקי,04/12/2022,153,250,35.71428571,ILS,גוף/פרטי
google,שמואל טיקוצקי,11/12/2022,154,250,35.71428571,ILS,גוף/פרטי
google,שמואל טיקוצקי,18/12/2022,155,500,71.42857143,ILS,גוף/פרטי
google,שמואל טיקוצקי,25/12/2022,156,750,107.1428571,ILS,גוף/פרטי
google,שמואל טיקוצקי,01/01/2023,157,250,35.71428571,ILS,גוף/פרטי
google,שמואל טיקוצקי,19/02/2023,164,250,35.71428571,ILS,גוף/פרטי
google,שמואל טיקוצקי,26/02/2023,165,500,71.42857143,ILS,גוף/פרטי
google,שמואל טיקוצקי,05/03/2023,166,750,107.1428571,ILS,גוף/פרטי
google,שמואל טיקוצקי,12/03/2023,167,500,71.42857143,ILS,גוף/פרטי
google,שמואל טיקוצקי,19/03/2023,168,500,71.42857143,ILS,גוף/פרטי
google,שמואל טיקוצקי,26/03/2023,169,750,107.1428571,ILS,גוף/פרטי
google,שמואל טיקוצקי,02/04/2023,170,250,35.71428571,ILS,גוף/פרטי
google,תל״ם,10/01/2021,54,111000,15857.14286,ILS,מפלגה
google,תל״ם,17/01/2021,55,89250,12750,ILS,מפלגה
google,תל״ם,24/01/2021,56,54250,7750,ILS,מפלגה
google,תל״ם,31/01/2021,57,750,107.1428571,ILS,מפלגה
google,תל״ם,16/05/2021,72,250,35.71428571,ILS,מפלגה
google,תל״ם,23/05/2021,73,250,35.71428571,ILS,מפלגה
google,תל״ם,30/05/2021,74,250,35.71428571,ILS,מפלגה
google,תל״ם,06/06/2021,75,250,35.71428571,ILS,מפלגה
google,תל״ם,13/06/2021,76,250,35.71428571,ILS,מפלגה
google,תל״ם,20/06/2021,77,250,35.71428571,ILS,מפלגה
google,תל״ם,27/06/2021,78,250,35.71428571,ILS,מפלגה
google,תל״ם,04/07/2021,79,250,35.71428571,ILS,מפלגה
google,תל״ם,11/07/2021,80,250,35.71428571,ILS,מפלגה
google,תל״ם,18/07/2021,81,250,35.71428571,ILS,מפלגה
google,תקווה חדשה – אחדות לישראל,03/01/2021,53,6000,857.1428571,ILS,מפלגה
google,תקווה חדשה – אחדות לישראל,10/01/2021,54,58750,8392.857143,ILS,מפלגה
google,תקווה חדשה – אחדות לישראל,17/01/2021,55,128750,18392.85714,ILS,מפלגה
google,תקווה חדשה – אחדות לישראל,24/01/2021,56,117500,16785.71429,ILS,מפלגה
google,תקווה חדשה – אחדות לישראל,31/01/2021,57,117500,16785.71429,ILS,מפלגה
google,תקווה חדשה – אחדות לישראל,07/02/2021,58,164250,23464.28571,ILS,מפלגה
google,תקווה חדשה – אחדות לישראל,14/02/2021,59,159000,22714.28571,ILS,מפלגה
google,תקווה חדשה – אחדות לישראל,21/02/2021,60,92500,13214.28571,ILS,מפלגה
google,תקווה חדשה – אחדות לישראל,28/02/2021,61,52000,7428.571429,ILS,מפלגה
google,תקווה חדשה – אחדות לישראל,07/03/2021,62,68750,9821.428571,ILS,מפלגה
google,תקווה חדשה – אחדות לישראל,14/03/2021,63,66000,9428.571429,ILS,מפלגה
google,תקווה חדשה – אחדות לישראל,21/03/2021,64,18000,2571.428571,ILS,מפלגה
google,קרן ברל כצנלסון,08/12/2024,258,250,35.714285714285715,ILS,גוף/פרטי
